ticker,company,sector,employees,year,revenue,net_income,gross_profit,capex,operating_cf,net_margin,capex_to_revenue
ABX.TO,Barrick Mining Corporation,Basic Materials,,2022,11013000000.0,432000000.0,3516000000.0,-3049000000.0,3481000000.0,0.0392263688368292,0.2768546263506765
ABX.TO,Barrick Mining Corporation,Basic Materials,,2023,11397000000.0,1272000000.0,3465000000.0,-3086000000.0,3732000000.0,0.11160831797841538,0.2707730104413442
ABX.TO,Barrick Mining Corporation,Basic Materials,,2024,12922000000.0,2144000000.0,4961000000.0,-3174000000.0,4491000000.0,0.16591858845379973,0.24562761182479492
ABX.TO,Barrick Mining Corporation,Basic Materials,,2025,16956000000.0,4993000000.0,8691000000.0,-3821000000.0,7689000000.0,0.2944680349138948,0.22534795942439254
AGI.TO,Alamos Gold Inc.,Basic Materials,2400.0,2022,821200000.0,37100000.0,212300000.0,-313700000.0,298500000.0,0.045177788602045785,0.3820019483682416
AGI.TO,Alamos Gold Inc.,Basic Materials,2400.0,2023,1023300000.0,210000000.0,385600000.0,-348900000.0,472700000.0,0.20521841102316035,0.3409557314570507
AGI.TO,Alamos Gold Inc.,Basic Materials,2400.0,2024,1346900000.0,284300000.0,595800000.0,-425300000.0,661100000.0,0.21107728858861088,0.3157621204246789
AGI.TO,Alamos Gold Inc.,Basic Materials,2400.0,2025,1808800000.0,885800000.0,999300000.0,-524200000.0,795300000.0,0.4897169394073419,0.28980539584254755
AP-UN.TO,Allied Properties Real Estate Investment Trust,Real Estate,350.0,2022,519468000.0,368855000.0,295208000.0,-859000.0,321193000.0,0.7100629875179992,0.001653614852117936
AP-UN.TO,Allied Properties Real Estate Investment Trust,Real Estate,350.0,2023,563980000.0,-425713000.0,317031000.0,-1836000.0,320886000.0,-0.7548370509592539,0.0032554345898790737
AP-UN.TO,Allied Properties Real Estate Investment Trust,Real Estate,350.0,2024,592040000.0,-342530000.0,328474000.0,-958000.0,147837000.0,-0.5785588811566786,0.0016181339098709547
AP-UN.TO,Allied Properties Real Estate Investment Trust,Real Estate,350.0,2025,592379000.0,-1327532000.0,316964000.0,-815000.0,255288000.0,-2.2410179969242665,0.0013758083929376295
ARX.TO,ARC Resources Ltd.,Energy,,2022,9850400000.0,2302300000.0,5544200000.0,-1428800000.0,3833300000.0,0.23372654917566799,0.14504994721026557
ARX.TO,ARC Resources Ltd.,Energy,,2023,6361900000.0,1596500000.0,3173000000.0,-1838300000.0,2394300000.0,0.250947044122039,0.28895455760071675
ARX.TO,ARC Resources Ltd.,Energy,,2024,5623900000.0,1124100000.0,2726900000.0,-1832900000.0,2348600000.0,0.19987908746599334,0.3259126229129252
ARX.TO,ARC Resources Ltd.,Energy,,2025,6612500000.0,1275100000.0,3363600000.0,-1890500000.0,3093500000.0,0.19283175803402647,0.2858979206049149
ATD.TO,Alimentation Couche-Tard Inc.,Consumer Cyclical,146000.0,2022,62809900000.0,2683300000.0,11004800000.0,-1664500000.0,3944900000.0,0.042720972330794985,0.02650059942779721
ATD.TO,Alimentation Couche-Tard Inc.,Consumer Cyclical,146000.0,2023,71856700000.0,3090900000.0,12052100000.0,-1803800000.0,4344600000.0,0.04301477802348285,0.025102739201772417
ATD.TO,Alimentation Couche-Tard Inc.,Consumer Cyclical,146000.0,2024,69263500000.0,2729700000.0,12097900000.0,-1943100000.0,4817200000.0,0.03941036765395916,0.028053736816649463
ATD.TO,Alimentation Couche-Tard Inc.,Consumer Cyclical,146000.0,2025,72856800000.0,2580400000.0,13021300000.0,-2326600000.0,5037100000.0,0.03541742157217995,0.031933875767258514
BAM.TO,Brookfield Asset Management Ltd.,Financial Services,5800.0,2022,0.0,19000000.0,37000000.0,-13000000.0,-374000000.0,,
BAM.TO,Brookfield Asset Management Ltd.,Financial Services,5800.0,2023,3714000000.0,1839000000.0,2666000000.0,,1439000000.0,0.49515347334410337,
BAM.TO,Brookfield Asset Management Ltd.,Financial Services,5800.0,2024,3989000000.0,2168000000.0,2835000000.0,,1612000000.0,0.5434946101779895,
BAM.TO,Brookfield Asset Management Ltd.,Financial Services,5800.0,2025,4608000000.0,2485000000.0,3235000000.0,,2101000000.0,0.5392795138888888,
BB.TO,BlackBerry Limited,Technology,1820.0,2022,718000000.0,12000000.0,467000000.0,-39000000.0,-28000000.0,0.016713091922005572,0.054317548746518104
BB.TO,BlackBerry Limited,Technology,1820.0,2023,526300000.0,-734400000.0,366600000.0,-40900000.0,-262200000.0,-1.3954018620558617,0.0777123313699411
BB.TO,BlackBerry Limited,Technology,1820.0,2024,759100000.0,-130200000.0,490700000.0,-20900000.0,-3500000.0,-0.17151890396522199,0.027532604399947307
BB.TO,BlackBerry Limited,Technology,1820.0,2025,534900000.0,-79000000.0,394900000.0,-10100000.0,16500000.0,-0.14769115722564966,0.01888203402505141
BMO.TO,Bank of Montreal,Financial Services,53234.0,2022,26259000000.0,13537000000.0,,-1448000000.0,4957000000.0,0.5155184888990442,0.05514299859095929
BMO.TO,Bank of Montreal,Financial Services,53234.0,2023,31115000000.0,4425000000.0,,-1677000000.0,9591000000.0,0.14221436606138518,0.05389683432428089
BMO.TO,Bank of Montreal,Financial Services,53234.0,2024,32041000000.0,7318000000.0,,-1564000000.0,26703000000.0,0.22839486907399895,0.048812459036859025
BMO.TO,Bank of Montreal,Financial Services,53234.0,2025,36099000000.0,8709000000.0,,-1729000000.0,10240000000.0,0.24125322031081192,0.04789606360286989
BN.TO,Brookfield Corporation,Financial Services,,2022,92769000000.0,2056000000.0,14258000000.0,-7236000000.0,8751000000.0,0.022162575860470633,0.07800019403033341
BN.TO,Brookfield Corporation,Financial Services,,2023,95924000000.0,1130000000.0,14515000000.0,-8069000000.0,6467000000.0,0.011780159292773446,0.0841186772861849
BN.TO,Brookfield Corporation,Financial Services,,2024,86006000000.0,641000000.0,18070000000.0,-11172000000.0,7569000000.0,0.007452968397553659,0.12989791409901635
BN.TO,Brookfield Corporation,Financial Services,,2025,75100000000.0,1307000000.0,18127000000.0,-14752000000.0,10958000000.0,0.0174034620505992,0.19643142476697736
BNS.TO,The Bank of Nova Scotia,Financial Services,79740.0,2022,31509000000.0,9916000000.0,,-571000000.0,16943000000.0,0.31470373544066776,0.018121806467993273
BNS.TO,The Bank of Nova Scotia,Financial Services,79740.0,2023,31694000000.0,7338000000.0,,-442000000.0,31724000000.0,0.23152647188742348,0.01394585726004922
BNS.TO,The Bank of Nova Scotia,Financial Services,79740.0,2024,33615000000.0,7758000000.0,,-489000000.0,15652000000.0,0.23078982597054887,0.014547077197679607
BNS.TO,The Bank of Nova Scotia,Financial Services,79740.0,2025,37097000000.0,7789000000.0,,-347000000.0,5407000000.0,0.20996306979000998,0.009353856106962826
BYD.TO,Boyd Group Services Inc.,Consumer Cyclical,13424.0,2022,2432318000.0,40962000.0,1087320000.0,-33629000.0,264247000.0,0.016840725595913035,0.013825905987621684
BYD.TO,Boyd Group Services Inc.,Consumer Cyclical,13424.0,2023,2945988000.0,86656000.0,1340064000.0,-59166000.0,357545000.0,0.02941491954481824,0.0200835848618528
BYD.TO,Boyd Group Services Inc.,Consumer Cyclical,13424.0,2024,3070342000.0,24544000.0,1396508000.0,-80457000.0,313325000.0,0.007993897748198735,0.026204572650212907
BYD.TO,Boyd Group Services Inc.,Consumer Cyclical,13424.0,2025,3142794000.0,18420000.0,1458594000.0,-62400000.0,352989000.0,0.0058610268442665986,0.019854944358427565
CAE.TO,CAE Inc.,Industrials,13000.0,2022,3371300000.0,141700000.0,955500000.0,-362800000.0,418200000.0,0.042031263904131935,0.10761427342568149
CAE.TO,CAE Inc.,Industrials,13000.0,2023,4010600000.0,222700000.0,1083500000.0,-425300000.0,408400000.0,0.05552785119433501,0.10604398344387374
CAE.TO,CAE Inc.,Industrials,13000.0,2024,4282800000.0,-304000000.0,1154500000.0,-477700000.0,566900000.0,-0.07098160082189223,0.11153917997571682
CAE.TO,CAE Inc.,Industrials,13000.0,2025,4707900000.0,405300000.0,1300100000.0,-444100000.0,896500000.0,0.08608933919581979,0.09433080566707025
CCO.TO,Cameco Corporation,Energy,,2022,1868003000.0,89382000.0,233291000.0,-143448000.0,304607000.0,0.047848959557345465,0.07679216789266398
CCO.TO,Cameco Corporation,Energy,,2023,2587758000.0,360847000.0,561666000.0,-153631000.0,688136000.0,0.13944387380891105,0.05936837988714555
CCO.TO,Cameco Corporation,Energy,,2024,3135772000.0,171853000.0,782582000.0,-211635000.0,905288000.0,0.05480404825350823,0.06749055734919503
CCO.TO,Cameco Corporation,Energy,,2025,3481933000.0,589577000.0,970273000.0,-333025000.0,1408432000.0,0.1693246251435625,0.09564371284570955
CM.TO,Canadian Imperial Bank of Commerce,Financial Services,50469.0,2022,21764000000.0,6220000000.0,,-1109000000.0,22715000000.0,0.2857930527476567,0.05095570667156773
CM.TO,Canadian Imperial Bank of Commerce,Financial Services,50469.0,2023,23299000000.0,5001000000.0,,-1014000000.0,12154000000.0,0.21464440533928494,0.04352118116657367
CM.TO,Canadian Imperial Bank of Commerce,Financial Services,50469.0,2024,25526000000.0,7115000000.0,,-1089000000.0,11088000000.0,0.27873540703596333,0.04266238345216642
CM.TO,Canadian Imperial Bank of Commerce,Financial Services,50469.0,2025,29014000000.0,8429000000.0,,-1109000000.0,13838000000.0,0.29051492382987526,0.038222926862893775
CNQ.TO,Canadian Natural Resources Limited,Energy,10750.0,2022,49530000000.0,10937000000.0,16260000000.0,-5136000000.0,19391000000.0,0.22081566727236018,0.10369473046638401
CNQ.TO,Canadian Natural Resources Limited,Energy,10750.0,2023,40835000000.0,8233000000.0,11773000000.0,-4909000000.0,12353000000.0,0.20161626056079343,0.12021550140810579
CNQ.TO,Canadian Natural Resources Limited,Energy,10750.0,2024,41509000000.0,6106000000.0,10898000000.0,-5383000000.0,13386000000.0,0.14710062877930088,0.1296827194102484
CNQ.TO,Canadian Natural Resources Limited,Energy,10750.0,2025,44167000000.0,10820000000.0,9401000000.0,-6791000000.0,15106000000.0,0.24497928317522133,0.1537573301333575
CNR.TO,Canadian National Railway Company,Industrials,23839.0,2022,17107000000.0,5118000000.0,7396000000.0,-2750000000.0,6667000000.0,0.29917577599812945,0.16075290816624774
CNR.TO,Canadian National Railway Company,Industrials,23839.0,2023,16828000000.0,5625000000.0,7151000000.0,-3187000000.0,6965000000.0,0.33426432136914663,0.18938673639172807
CNR.TO,Canadian National Railway Company,Industrials,23839.0,2024,17046000000.0,4448000000.0,6967000000.0,-3549000000.0,6699000000.0,0.26094098322187026,0.20820133755719816
CNR.TO,Canadian National Railway Company,Industrials,23839.0,2025,17304000000.0,4720000000.0,7332000000.0,-3658000000.0,7049000000.0,0.2727693018955155,0.2113962089690245
CP.TO,Canadian Pacific Kansas City Limited,Industrials,19479.0,2022,8814000000.0,3517000000.0,3329000000.0,-1557000000.0,4142000000.0,0.399024279555253,0.17665078284547311
CP.TO,Canadian Pacific Kansas City Limited,Industrials,19479.0,2023,12555000000.0,3927000000.0,4388000000.0,-2499000000.0,4137000000.0,0.3127837514934289,0.1990442054958184
CP.TO,Canadian Pacific Kansas City Limited,Industrials,19479.0,2024,14546000000.0,3718000000.0,5179000000.0,-2863000000.0,5269000000.0,0.2556029148906916,0.19682386910490857
CP.TO,Canadian Pacific Kansas City Limited,Industrials,19479.0,2025,15078000000.0,4141000000.0,5609000000.0,-3140000000.0,5309000000.0,0.27463854622628997,0.20825043109165672
CSU.TO,Constellation Software Inc.,Technology,,2022,6622000000.0,512000000.0,2323000000.0,-41000000.0,1297000000.0,0.0773180308064029,0.006191482935668982
CSU.TO,Constellation Software Inc.,Technology,,2023,8405000000.0,565000000.0,2944000000.0,-42000000.0,1779000000.0,0.06722189173111243,0.0049970255800118974
CSU.TO,Constellation Software Inc.,Technology,,2024,10066000000.0,731000000.0,3615000000.0,-67000000.0,2196000000.0,0.07262070335783827,0.006656069938406517
CSU.TO,Constellation Software Inc.,Technology,,2025,11623000000.0,512000000.0,4368000000.0,-68000000.0,2732000000.0,0.044050589348705156,0.005850468897874903
CTC-A.TO,"Canadian Tire Corporation, Limited",Consumer Cyclical,11877.0,2022,17810600000.0,1044100000.0,6097900000.0,-735100000.0,466500000.0,0.05862239340617385,0.04127317440176075
CTC-A.TO,"Canadian Tire Corporation, Limited",Consumer Cyclical,11877.0,2023,16656500000.0,213300000.0,5703600000.0,-668600000.0,1353700000.0,0.012805811545042477,0.04014048569627473
CTC-A.TO,"Canadian Tire Corporation, Limited",Consumer Cyclical,11877.0,2024,15516000000.0,887700000.0,5200800000.0,-628300000.0,2063800000.0,0.05721191028615623,0.04049368393915958
CTC-A.TO,"Canadian Tire Corporation, Limited",Consumer Cyclical,11877.0,2025,16315500000.0,526300000.0,5615300000.0,-663700000.0,952100000.0,0.03225766908767736,0.04067910882289847
CVE.TO,Cenovus Energy Inc.,Energy,7211.0,2022,71765000000.0,6450000000.0,17134000000.0,-3758000000.0,11403000000.0,0.08987668083327527,0.05236535915836411
CVE.TO,Cenovus Energy Inc.,Energy,7211.0,2023,55474000000.0,4109000000.0,12704000000.0,-4298000000.0,7388000000.0,0.07407073584021344,0.07747773731838338
CVE.TO,Cenovus Energy Inc.,Energy,7211.0,2024,57726000000.0,3142000000.0,12765000000.0,-5015000000.0,9235000000.0,0.05442954647819007,0.0868759311228909
CVE.TO,Cenovus Energy Inc.,Energy,7211.0,2025,52751000000.0,3930000000.0,11816000000.0,-4907000000.0,8228000000.0,0.07450095732782316,0.0930219332334932
DCBO.TO,Docebo Inc.,Technology,966.0,2022,142912000.0,7018000.0,114734000.0,-1081000.0,2288000.0,0.049107142857142856,0.0075640953873712495
DCBO.TO,Docebo Inc.,Technology,966.0,2023,180839000.0,2840000.0,146341000.0,-635000.0,15964000.0,0.015704576999430432,0.003511410702337438
DCBO.TO,Docebo Inc.,Technology,966.0,2024,216931000.0,26736000.0,175636000.0,-1245000.0,29249000.0,0.12324656227095251,0.005739152080615495
DCBO.TO,Docebo Inc.,Technology,966.0,2025,242687000.0,37512000.0,194836000.0,-981000.0,28173000.0,0.15456946602001756,0.004042243713095469
DOL.TO,Dollarama Inc.,Consumer Defensive,,2023,5052741000.0,801863000.0,2198206000.0,-156827000.0,869043000.0,0.15869861526644646,0.03103800491653936
DOL.TO,Dollarama Inc.,Consumer Defensive,,2024,5867348000.0,1010460000.0,2613441000.0,-278764000.0,1530954000.0,0.1722174992858784,0.04751107314582329
DOL.TO,Dollarama Inc.,Consumer Defensive,,2025,6413145000.0,1168545000.0,2893746000.0,-243450000.0,1644139000.0,0.18221091211878104,0.03796109397183441
DOL.TO,Dollarama Inc.,Consumer Defensive,,2026,7255754000.0,1309438000.0,3268665000.0,-279335000.0,1761156000.0,0.18046890784886035,0.03849841105417852
EMP-A.TO,Empire Company Limited,Consumer Defensive,129000.0,2022,30162400000.0,745800000.0,7659700000.0,-780300000.0,2107100000.0,0.024726149112802694,0.025869957297827758
EMP-A.TO,Empire Company Limited,Consumer Defensive,129000.0,2023,30478100000.0,686000000.0,7792700000.0,-757700000.0,1605300000.0,0.022507964735334552,0.024860473585951882
EMP-A.TO,Empire Company Limited,Consumer Defensive,129000.0,2024,30733000000.0,726000000.0,8071000000.0,-799000000.0,2073000000.0,0.02362281586568184,0.025998112777795856
EMP-A.TO,Empire Company Limited,Consumer Defensive,129000.0,2025,31277000000.0,700000000.0,8382000000.0,-777000000.0,2127000000.0,0.022380663107075486,0.02484253604885379
ENB.TO,Enbridge Inc.,Energy,14800.0,2022,53309000000.0,3003000000.0,16403000000.0,-4821000000.0,11230000000.0,0.05633195145285036,0.09043501097375678
ENB.TO,Enbridge Inc.,Energy,14800.0,2023,43649000000.0,6191000000.0,17670000000.0,-4876000000.0,14201000000.0,0.14183600998877408,0.11170931751013768
ENB.TO,Enbridge Inc.,Energy,14800.0,2024,53473000000.0,5441000000.0,19266000000.0,-6930000000.0,12600000000.0,0.10175228620051241,0.12959811493651002
ENB.TO,Enbridge Inc.,Energy,14800.0,2025,65194000000.0,7491000000.0,21497000000.0,-9165000000.0,12270000000.0,0.11490321195202012,0.14058042151118202
FM.TO,First Quantum Minerals Ltd.,Basic Materials,15661.0,2022,7626000000.0,1034000000.0,2200000000.0,-1167000000.0,2332000000.0,0.13558877524259114,0.15302911093627064
FM.TO,First Quantum Minerals Ltd.,Basic Materials,15661.0,2023,6456000000.0,-954000000.0,1292000000.0,-1300000000.0,1427000000.0,-0.14776951672862454,0.201363073110285
FM.TO,First Quantum Minerals Ltd.,Basic Materials,15661.0,2024,4802000000.0,2000000.0,1350000000.0,-1286000000.0,1651000000.0,0.00041649312786339027,0.2678050812161599
FM.TO,First Quantum Minerals Ltd.,Basic Materials,15661.0,2025,5237000000.0,-28000000.0,1458000000.0,-1134000000.0,2082000000.0,-0.005346572465151804,0.2165361848386481
GIL.TO,Gildan Activewear Inc.,Consumer Cyclical,80000.0,2022,3240482000.0,541540000.0,992412000.0,-244554000.0,413488000.0,0.1671171140589579,0.07546840254011594
GIL.TO,Gildan Activewear Inc.,Consumer Cyclical,80000.0,2023,3195911000.0,533580000.0,880054000.0,-208009000.0,546606000.0,0.1669570898563821,0.06508598017904754
GIL.TO,Gildan Activewear Inc.,Consumer Cyclical,80000.0,2024,3270590000.0,400865000.0,1003679000.0,-150352000.0,501388000.0,0.12256657055760581,0.04597091044735048
GIL.TO,Gildan Activewear Inc.,Consumer Cyclical,80000.0,2025,3619236000.0,398879000.0,1129867000.0,-113807000.0,606315000.0,0.11021082902579439,0.03144503425584847
GWO.TO,Great-West Lifeco Inc.,Financial Services,33430.0,2022,-2693000000.0,3726000000.0,,,3772000000.0,-1.383587077608615,
GWO.TO,Great-West Lifeco Inc.,Financial Services,33430.0,2023,36731000000.0,2868000000.0,,,5203000000.0,0.07808118483025238,
GWO.TO,Great-West Lifeco Inc.,Financial Services,33430.0,2024,34723000000.0,4070000000.0,,,4751000000.0,0.11721337442041298,
GWO.TO,Great-West Lifeco Inc.,Financial Services,33430.0,2025,39104000000.0,4120000000.0,,,2708000000.0,0.10536006546644845,
IFC.TO,Intact Financial Corporation,Financial Services,32000.0,2022,22539000000.0,2454000000.0,,-411000000.0,3665000000.0,0.10887794489551444,0.018235059230666845
IFC.TO,Intact Financial Corporation,Financial Services,32000.0,2023,23290000000.0,1316000000.0,,-458000000.0,1846000000.0,0.05650493774151997,0.019665092314297982
IFC.TO,Intact Financial Corporation,Financial Services,32000.0,2024,24984000000.0,2297000000.0,,-429000000.0,3387000000.0,0.09193884085814921,0.017170989433237274
IFC.TO,Intact Financial Corporation,Financial Services,32000.0,2025,26073000000.0,3365000000.0,,-457000000.0,4388000000.0,0.12906071414873624,0.01752771065853565
IMO.TO,Imperial Oil Limited,Energy,5000.0,2022,57234000000.0,7340000000.0,10191000000.0,-1526000000.0,10482000000.0,0.12824544850962716,0.026662473354998776
IMO.TO,Imperial Oil Limited,Energy,5000.0,2023,48300000000.0,4889000000.0,7115000000.0,-1785000000.0,3734000000.0,0.10122153209109731,0.03695652173913044
IMO.TO,Imperial Oil Limited,Energy,5000.0,2024,48824000000.0,4790000000.0,7058000000.0,-1867000000.0,5981000000.0,0.09810748812059643,0.03823939046370638
IMO.TO,Imperial Oil Limited,Energy,5000.0,2025,45203000000.0,3268000000.0,5548000000.0,-2005000000.0,6708000000.0,0.07229608654292857,0.0443554631329779
KXS.TO,Kinaxis Inc.,Technology,1837.0,2022,366889000.0,20080000.0,235787000.0,-18249000.0,24518000.0,0.05473044980907032,0.04973983957000619
KXS.TO,Kinaxis Inc.,Technology,1837.0,2023,426971000.0,10060000.0,258897000.0,-2299000.0,79357000.0,0.023561319152823026,0.00538444062945727
KXS.TO,Kinaxis Inc.,Technology,1837.0,2024,483111000.0,56000.0,294583000.0,-4515000.0,99213000.0,0.00011591539004493791,0.00934567832237312
KXS.TO,Kinaxis Inc.,Technology,1837.0,2025,548030000.0,70699000.0,354278000.0,-5689000.0,117800000.0,0.1290057113661661,0.01038081856832655
L.TO,Loblaw Companies Limited,Consumer Defensive,220000.0,2022,56504000000.0,1921000000.0,17976000000.0,-1571000000.0,4755000000.0,0.03399759309075464,0.027803341356364152
L.TO,Loblaw Companies Limited,Consumer Defensive,220000.0,2023,59529000000.0,2100000000.0,19037000000.0,-2072000000.0,5654000000.0,0.035276923852240086,0.03480656486754355
L.TO,Loblaw Companies Limited,Consumer Defensive,220000.0,2024,60123000000.0,2171000000.0,18835000000.0,-2200000000.0,5802000000.0,0.03610930924937212,0.036591653776424996
L.TO,Loblaw Companies Limited,Consumer Defensive,220000.0,2025,63903000000.0,2667000000.0,20032000000.0,-2062000000.0,6264000000.0,0.04173512980611239,0.032267655665618206
LSPD.TO,Lightspeed Commerce Inc.,Technology,,2022,548372000.0,-288433000.0,271173000.0,-10653000.0,-87218000.0,-0.5259805387583611,0.019426593626224533
LSPD.TO,Lightspeed Commerce Inc.,Technology,,2023,730506000.0,-1070009000.0,331961000.0,-13121000.0,-125284000.0,-1.4647504606396113,0.017961522561074104
LSPD.TO,Lightspeed Commerce Inc.,Technology,,2024,909270000.0,-163964000.0,385250000.0,-18184000.0,-97667000.0,-0.18032487599942812,0.019998460303320247
LSPD.TO,Lightspeed Commerce Inc.,Technology,,2025,1076826000.0,-667196000.0,450205000.0,-23123000.0,-32762000.0,-0.6195949949202564,0.021473292806823016
MFC.TO,Manulife Financial Corporation,Financial Services,37000.0,2022,24159000000.0,-2100000000.0,,,16628000000.0,-0.08692412765429032,
MFC.TO,Manulife Financial Corporation,Financial Services,37000.0,2023,-7037000000.0,5463000000.0,,,20423000000.0,-0.7763251385533608,
MFC.TO,Manulife Financial Corporation,Financial Services,37000.0,2024,-7288000000.0,5631000000.0,,,26494000000.0,-0.7726399560922064,
MFC.TO,Manulife Financial Corporation,Financial Services,37000.0,2025,53014000000.0,5782000000.0,,,32105000000.0,0.10906552986003697,
MRU.TO,Metro Inc.,Consumer Defensive,99000.0,2022,18888900000.0,846100000.0,3783300000.0,-621000000.0,1461400000.0,0.044793503062645255,0.03287645124914632
MRU.TO,Metro Inc.,Consumer Defensive,99000.0,2023,20724600000.0,1014800000.0,4082200000.0,-679900000.0,1563500000.0,0.04896596315489805,0.03280642328440597
MRU.TO,Metro Inc.,Consumer Defensive,99000.0,2024,21219900000.0,928800000.0,4179300000.0,-579700000.0,1677000000.0,0.043770234543989366,0.02731869612957648
MRU.TO,Metro Inc.,Consumer Defensive,99000.0,2025,22006700000.0,1017000000.0,4370300000.0,-510600000.0,1724900000.0,0.046213198707666304,0.02320202483789028
NTR.TO,Nutrien Ltd.,Basic Materials,,2022,37884000000.0,7660000000.0,15424000000.0,-2475000000.0,8110000000.0,0.2021961778059339,0.06533101045296168
NTR.TO,Nutrien Ltd.,Basic Materials,,2023,29056000000.0,1258000000.0,8474000000.0,-2600000000.0,5066000000.0,0.04329570484581498,0.08948237885462555
NTR.TO,Nutrien Ltd.,Basic Materials,,2024,25972000000.0,674000000.0,7530000000.0,-2154000000.0,3535000000.0,0.025951024179886033,0.0829354689665794
NTR.TO,Nutrien Ltd.,Basic Materials,,2025,26885000000.0,2267000000.0,8347000000.0,-2005000000.0,4007000000.0,0.08432211270225033,0.07457690161800261
OTEX.TO,Open Text Corporation,Technology,21300.0,2022,3493844000.0,397090000.0,2431643000.0,-93109000.0,981810000.0,0.11365418719324617,0.026649443993492554
OTEX.TO,Open Text Corporation,Technology,21300.0,2023,4484980000.0,150379000.0,3168393000.0,-123832000.0,779205000.0,0.03352946947366543,0.027610379533465033
OTEX.TO,Open Text Corporation,Technology,21300.0,2024,5769577000.0,465090000.0,4191028000.0,-159295000.0,967691000.0,0.08061076227945307,0.027609476396623183
OTEX.TO,Open Text Corporation,Technology,21300.0,2025,5168405000.0,435868000.0,3734287000.0,-143222000.0,830618000.0,0.08433317435456393,0.027711063664708938
PBH.TO,Premium Brands Holdings Corporation,Consumer Defensive,12036.0,2022,6029800000.0,160100000.0,1103700000.0,-228400000.0,96500000.0,0.026551461076652624,0.03787853660154566
PBH.TO,Premium Brands Holdings Corporation,Consumer Defensive,12036.0,2023,6261000000.0,94200000.0,1208400000.0,-399700000.0,433900000.0,0.015045519885002396,0.06383964222967577
PBH.TO,Premium Brands Holdings Corporation,Consumer Defensive,12036.0,2024,6470500000.0,121500000.0,1292600000.0,-364800000.0,253100000.0,0.018777528784483424,0.05637895062205394
PBH.TO,Premium Brands Holdings Corporation,Consumer Defensive,12036.0,2025,7477200000.0,40500000.0,1388500000.0,-219000000.0,93600000.0,0.005416466056812711,0.029289038677579843
PPL.TO,Pembina Pipeline Corporation,Energy,2974.0,2022,11611000000.0,2971000000.0,3123000000.0,-605000000.0,2929000000.0,0.2558780466798725,0.052105761777624666
PPL.TO,Pembina Pipeline Corporation,Energy,2974.0,2023,6331000000.0,1776000000.0,2840000000.0,-606000000.0,2635000000.0,0.28052440372768916,0.09571947559627231
PPL.TO,Pembina Pipeline Corporation,Energy,2974.0,2024,7384000000.0,1864000000.0,3316000000.0,-955000000.0,3214000000.0,0.2524377031419285,0.12933369447453955
PPL.TO,Pembina Pipeline Corporation,Energy,2974.0,2025,7778000000.0,1694000000.0,3193000000.0,-784000000.0,3301000000.0,0.21779377732064797,0.10079712008228336
REI-UN.TO,RioCan Real Estate Investment Trust,Real Estate,516.0,2022,1213847000.0,236772000.0,712692000.0,-392973000.0,506124000.0,0.19505917961654146,0.32374178953360677
REI-UN.TO,RioCan Real Estate Investment Trust,Real Estate,516.0,2023,1123871000.0,38802000.0,714408000.0,-390998000.0,385516000.0,0.03452531473807937,0.34790291768361314
REI-UN.TO,RioCan Real Estate Investment Trust,Real Estate,516.0,2024,1239526000.0,473465000.0,740948000.0,-296938000.0,378280000.0,0.3819726250195639,0.23955770189572465
REI-UN.TO,RioCan Real Estate Investment Trust,Real Estate,516.0,2025,1436571000.0,69295000.0,798716000.0,-253034000.0,434068000.0,0.04823639068309189,0.17613748293679882
RY.TO,Royal Bank of Canada,Financial Services,97469.0,2022,48775000000.0,15794000000.0,,-2500000000.0,21942000000.0,0.3238134290107637,0.051255766273705795
RY.TO,Royal Bank of Canada,Financial Services,97469.0,2023,51591000000.0,14605000000.0,,-2730000000.0,26079000000.0,0.2830920121726658,0.052916206315054955
RY.TO,Royal Bank of Canada,Financial Services,97469.0,2024,57491000000.0,16230000000.0,,-2280000000.0,23139000000.0,0.28230505644361725,0.03965838131185751
RY.TO,Royal Bank of Canada,Financial Services,97469.0,2025,66532000000.0,20362000000.0,,-2243000000.0,55220000000.0,0.3060482173991463,0.03371310046293513
SHOP.TO,Shopify Inc.,Technology,7600.0,2022,5600000000.0,-3460000000.0,2754000000.0,-50000000.0,-136000000.0,-0.6178571428571429,0.008928571428571428
SHOP.TO,Shopify Inc.,Technology,7600.0,2023,7060000000.0,132000000.0,3515000000.0,-39000000.0,944000000.0,0.018696883852691217,0.005524079320113315
SHOP.TO,Shopify Inc.,Technology,7600.0,2024,8880000000.0,2019000000.0,4472000000.0,-19000000.0,1616000000.0,0.22736486486486487,0.0021396396396396395
SHOP.TO,Shopify Inc.,Technology,7600.0,2025,11556000000.0,1231000000.0,5555000000.0,-26000000.0,2033000000.0,0.10652474904811353,0.002249913464866736
SLF.TO,Sun Life Financial Inc.,Financial Services,32151.0,2022,3429000000.0,3024000000.0,,,4311000000.0,0.8818897637795275,
SLF.TO,Sun Life Financial Inc.,Financial Services,32151.0,2023,36354000000.0,3343000000.0,,-172000000.0,5612000000.0,0.0919568685701711,0.004731253782252297
SLF.TO,Sun Life Financial Inc.,Financial Services,32151.0,2024,34483000000.0,3171000000.0,,-143000000.0,2532000000.0,0.09195835629150596,0.004146970971203202
SLF.TO,Sun Life Financial Inc.,Financial Services,32151.0,2025,38447000000.0,3745000000.0,,-145000000.0,2799000000.0,0.09740681977787603,0.0037714255988763753
STN.TO,Stantec Inc.,Industrials,34000.0,2022,5677200000.0,247000000.0,2417300000.0,-74900000.0,304300000.0,0.04350736278447122,0.013193123370675686
STN.TO,Stantec Inc.,Industrials,34000.0,2023,6479600000.0,316500000.0,2744700000.0,-100600000.0,520000000.0,0.048845607753565036,0.015525649731464905
STN.TO,Stantec Inc.,Industrials,34000.0,2024,7500000000.0,361500000.0,3195700000.0,-99000000.0,603100000.0,0.0482,0.0132
STN.TO,Stantec Inc.,Industrials,34000.0,2025,8144200000.0,479400000.0,3529000000.0,-71900000.0,862900000.0,0.058863976817858106,0.008828368654993738
SU.TO,Suncor Energy Inc.,Energy,15424.0,2022,62907000000.0,9077000000.0,26874000000.0,-5120000000.0,15680000000.0,0.1442923680989397,0.08138998839556806
SU.TO,Suncor Energy Inc.,Energy,15424.0,2023,52206000000.0,8295000000.0,21924000000.0,-5936000000.0,12344000000.0,0.1588897827835881,0.11370340573880397
SU.TO,Suncor Energy Inc.,Energy,15424.0,2024,54881000000.0,6016000000.0,22376000000.0,-6483000000.0,15960000000.0,0.10961899382299885,0.11812831398844774
SU.TO,Suncor Energy Inc.,Energy,15424.0,2025,52377000000.0,5918000000.0,21674000000.0,-5856000000.0,12781000000.0,0.11298852549783302,0.11180479981671344
TD.TO,The Toronto-Dominion Bank,Financial Services,104841.0,2022,45762000000.0,17429000000.0,,-1454000000.0,38949000000.0,0.3808618504435995,0.031773086840610115
TD.TO,The Toronto-Dominion Bank,Financial Services,104841.0,2023,51524000000.0,10634000000.0,,-1844000000.0,-65302000000.0,0.20638925549258597,0.035789146805372256
TD.TO,The Toronto-Dominion Bank,Financial Services,104841.0,2024,56256000000.0,8842000000.0,,-2177000000.0,54937000000.0,0.15717434584755405,0.038698094425483505
TD.TO,The Toronto-Dominion Bank,Financial Services,104841.0,2025,61281000000.0,20538000000.0,,-2145000000.0,-69646000000.0,0.3351446614774563,0.03500269251480883
TIH.TO,Toromont Industries Ltd.,Industrials,7900.0,2022,4115347000.0,454198000.0,1118516000.0,-68552000.0,216953000.0,0.11036687793277214,0.016657647581115275
TIH.TO,Toromont Industries Ltd.,Industrials,7900.0,2023,4622301000.0,534712000.0,1244889000.0,-114471000.0,355794000.0,0.1156809130344389,0.024764938501408713
TIH.TO,Toromont Industries Ltd.,Industrials,7900.0,2024,5021163000.0,506516000.0,1262632000.0,-136516000.0,359227000.0,0.10087623126355388,0.027188123548269594
TIH.TO,Toromont Industries Ltd.,Industrials,7900.0,2025,5202837000.0,496586000.0,1322203000.0,-228164000.0,742122000.0,0.09544523497468785,0.043853766704588286
TRP.TO,TC Energy Corporation,Energy,6574.0,2022,12309000000.0,748000000.0,5797000000.0,-6727000000.0,6375000000.0,0.06076854334226988,0.5465106832399058
TRP.TO,TC Energy Corporation,Energy,6574.0,2023,13267000000.0,2922000000.0,6668000000.0,-8149000000.0,7268000000.0,0.2202457224692847,0.6142307982211502
TRP.TO,TC Energy Corporation,Energy,6574.0,2024,13771000000.0,4698000000.0,6606000000.0,-6358000000.0,7696000000.0,0.3411516955921865,0.4616948660228015
TRP.TO,TC Energy Corporation,Energy,6574.0,2025,15239000000.0,3519000000.0,7643000000.0,-5286000000.0,7346000000.0,0.2309206640855699,0.3468731544064571
WCN.TO,"Waste Connections, Inc.",Industrials,24214.0,2022,7211859000.0,835662000.0,2875847000.0,-912677000.0,2022492000.0,0.11587331366295431,0.12655225233882136
WCN.TO,"Waste Connections, Inc.",Industrials,24214.0,2023,8021951000.0,762800000.0,3277438000.0,-934000000.0,2126817000.0,0.09508908743022738,0.11643052918174145
WCN.TO,"Waste Connections, Inc.",Industrials,24214.0,2024,8919591000.0,617573000.0,3727885000.0,-1055988000.0,2228927000.0,0.06923781594918421,0.11838973334091216
WCN.TO,"Waste Connections, Inc.",Industrials,24214.0,2025,9466915000.0,1076557000.0,4011533000.0,-1194366000.0,2414069000.0,0.11371782676827667,0.12616211300090896
WSP.TO,WSP Global Inc.,Industrials,74400.0,2022,11932900000.0,431800000.0,8957200000.0,-166500000.0,814800000.0,0.03618567154673214,0.013953020640414317
WSP.TO,WSP Global Inc.,Industrials,74400.0,2023,14437200000.0,550000000.0,10897000000.0,-180400000.0,986300000.0,0.03809602970105006,0.012495497741944422
WSP.TO,WSP Global Inc.,Industrials,74400.0,2024,16166800000.0,681400000.0,12172200000.0,-163800000.0,1381900000.0,0.0421481059950021,0.01013187520102927
WSP.TO,WSP Global Inc.,Industrials,74400.0,2025,18285000000.0,964300000.0,13959100000.0,-152900000.0,2246000000.0,0.05273721629751162,0.00836204539239814
