ticker,company,sector,year,revenue,net_income,gross_profit,capex,operating_cf,net_margin,capex_to_revenue,sentiment_score,sentiment_pos,sentiment_neg,sentiment_neu,gdp_level_q4,gdp_yoy,cpi_yoy_annual
ARX.TO,ARC Resources Ltd.,Energy,2022,9850400000.0,2302300000.0,5544200000.0,-1428800000.0,3833300000.0,0.2337265491756679,0.1450499472102655,0.1367,0.2023,0.0657,0.732,594557.3,3.0775165306879737,6.798089916666667
ARX.TO,ARC Resources Ltd.,Energy,2023,6361900000.0,1596500000.0,3173000000.0,-1838300000.0,2394300000.0,0.250947044122039,0.2889545576007167,,,,,602387.8,1.31703033500723,3.8944715
ARX.TO,ARC Resources Ltd.,Energy,2024,5623900000.0,1124100000.0,2726900000.0,-1832900000.0,2348600000.0,0.1998790874659933,0.3259126229129252,,,,,621065.3,3.100577402131988,2.3854825
ARX.TO,ARC Resources Ltd.,Energy,2025,6612500000.0,1275100000.0,3363600000.0,-1890500000.0,3093500000.0,0.1928317580340264,0.2858979206049149,,,,,,,
AGI.TO,Alamos Gold Inc.,Basic Materials,2022,821200000.0,37100000.0,212300000.0,-313700000.0,298500000.0,0.0451777886020457,0.3820019483682416,,,,,594557.3,3.0775165306879737,6.798089916666667
AGI.TO,Alamos Gold Inc.,Basic Materials,2023,1023300000.0,210000000.0,385600000.0,-348900000.0,472700000.0,0.2052184110231603,0.3409557314570507,,,,,602387.8,1.31703033500723,3.8944715
AGI.TO,Alamos Gold Inc.,Basic Materials,2024,1346900000.0,284300000.0,595800000.0,-425300000.0,661100000.0,0.2110772885886108,0.3157621204246789,,,,,621065.3,3.100577402131988,2.3854825
AGI.TO,Alamos Gold Inc.,Basic Materials,2025,1808800000.0,885800000.0,999300000.0,-524200000.0,795300000.0,0.4897169394073419,0.2898053958425475,,,,,,,
ATD.TO,Alimentation Couche-Tard Inc.,Consumer Cyclical,2022,62809900000.0,2683300000.0,11004800000.0,-1664500000.0,3944900000.0,0.0427209723307949,0.0265005994277972,,,,,594557.3,3.0775165306879737,6.798089916666667
ATD.TO,Alimentation Couche-Tard Inc.,Consumer Cyclical,2023,71856700000.0,3090900000.0,12052100000.0,-1803800000.0,4344600000.0,0.0430147780234828,0.0251027392017724,0.0906,0.1654,0.0748,0.7597,602387.8,1.31703033500723,3.8944715
ATD.TO,Alimentation Couche-Tard Inc.,Consumer Cyclical,2024,69263500000.0,2729700000.0,12097900000.0,-1943100000.0,4817200000.0,0.0394103676539591,0.0280537368166494,,,,,621065.3,3.100577402131988,2.3854825
ATD.TO,Alimentation Couche-Tard Inc.,Consumer Cyclical,2025,72856800000.0,2580400000.0,13021300000.0,-2326600000.0,5037100000.0,0.0354174215721799,0.0319338757672585,,,,,,,
AP-UN.TO,Allied Properties Real Estate Investment Trust,Real Estate,2022,519468000.0,368855000.0,295208000.0,-859000.0,321193000.0,0.7100629875179992,0.0016536148521179,0.1532,0.1879,0.0347,0.7774,594557.3,3.0775165306879737,6.798089916666667
AP-UN.TO,Allied Properties Real Estate Investment Trust,Real Estate,2023,563980000.0,-425713000.0,317031000.0,-1836000.0,320886000.0,-0.7548370509592539,0.003255434589879,,,,,602387.8,1.31703033500723,3.8944715
AP-UN.TO,Allied Properties Real Estate Investment Trust,Real Estate,2024,592040000.0,-342530000.0,328474000.0,-958000.0,147837000.0,-0.5785588811566786,0.0016181339098709,,,,,621065.3,3.100577402131988,2.3854825
AP-UN.TO,Allied Properties Real Estate Investment Trust,Real Estate,2025,592379000.0,-1327532000.0,316964000.0,-815000.0,255288000.0,-2.2410179969242665,0.0013758083929376,,,,,,,
BMO.TO,Bank of Montreal,Financial Services,2022,26259000000.0,13537000000.0,,-1448000000.0,4957000000.0,0.5155184888990442,0.0551429985909592,,,,,594557.3,3.0775165306879737,6.798089916666667
BMO.TO,Bank of Montreal,Financial Services,2023,31115000000.0,4425000000.0,,-1677000000.0,9591000000.0,0.1422143660613851,0.0538968343242808,,,,,602387.8,1.31703033500723,3.8944715
BMO.TO,Bank of Montreal,Financial Services,2024,32041000000.0,7318000000.0,,-1564000000.0,26703000000.0,0.2283948690739989,0.048812459036859,,,,,621065.3,3.100577402131988,2.3854825
BMO.TO,Bank of Montreal,Financial Services,2025,36099000000.0,8709000000.0,,-1729000000.0,10240000000.0,0.2412532203108119,0.0478960636028698,,,,,,,
ABX.TO,Barrick Mining Corporation,Basic Materials,2022,11013000000.0,432000000.0,3516000000.0,-3049000000.0,3481000000.0,0.0392263688368292,0.2768546263506765,,,,,594557.3,3.0775165306879737,6.798089916666667
ABX.TO,Barrick Mining Corporation,Basic Materials,2023,11397000000.0,1272000000.0,3465000000.0,-3086000000.0,3732000000.0,0.1116083179784153,0.2707730104413442,,,,,602387.8,1.31703033500723,3.8944715
ABX.TO,Barrick Mining Corporation,Basic Materials,2024,12922000000.0,2144000000.0,4961000000.0,-3174000000.0,4491000000.0,0.1659185884537997,0.2456276118247949,,,,,621065.3,3.100577402131988,2.3854825
ABX.TO,Barrick Mining Corporation,Basic Materials,2025,16956000000.0,4993000000.0,8691000000.0,-3821000000.0,7689000000.0,0.2944680349138948,0.2253479594243925,,,,,,,
BB.TO,BlackBerry Limited,Technology,2022,718000000.0,12000000.0,467000000.0,-39000000.0,-28000000.0,0.0167130919220055,0.0543175487465181,0.1417,0.2927,0.151,0.5564,594557.3,3.0775165306879737,6.798089916666667
BB.TO,BlackBerry Limited,Technology,2023,526300000.0,-734400000.0,366600000.0,-40900000.0,-262200000.0,-1.3954018620558617,0.0777123313699411,0.1417,0.2927,0.151,0.5564,602387.8,1.31703033500723,3.8944715
BB.TO,BlackBerry Limited,Technology,2024,759100000.0,-130200000.0,490700000.0,-20900000.0,-3500000.0,-0.1715189039652219,0.0275326043999473,0.1417,0.2927,0.151,0.5564,621065.3,3.100577402131988,2.3854825
BB.TO,BlackBerry Limited,Technology,2025,534900000.0,-79000000.0,394900000.0,-10100000.0,16500000.0,-0.1476911572256496,0.0188820340250514,0.1417,0.2927,0.151,0.5564,,,
BYD.TO,Boyd Group Services Inc.,Consumer Cyclical,2022,2432318000.0,40962000.0,1087320000.0,-33629000.0,264247000.0,0.016840725595913,0.0138259059876216,0.2726,0.3239,0.0512,0.6249,594557.3,3.0775165306879737,6.798089916666667
BYD.TO,Boyd Group Services Inc.,Consumer Cyclical,2023,2945988000.0,86656000.0,1340064000.0,-59166000.0,357545000.0,0.0294149195448182,0.0200835848618528,0.2726,0.3239,0.0512,0.6249,602387.8,1.31703033500723,3.8944715
BYD.TO,Boyd Group Services Inc.,Consumer Cyclical,2024,3070342000.0,24544000.0,1396508000.0,-80457000.0,313325000.0,0.0079938977481987,0.0262045726502129,0.2726,0.3239,0.0512,0.6249,621065.3,3.100577402131988,2.3854825
BYD.TO,Boyd Group Services Inc.,Consumer Cyclical,2025,3142794000.0,18420000.0,1458594000.0,-62400000.0,352989000.0,0.0058610268442665,0.0198549443584275,0.2726,0.3239,0.0512,0.6249,,,
BAM.TO,Brookfield Asset Management Ltd.,Financial Services,2022,0.0,19000000.0,37000000.0,-13000000.0,-374000000.0,,,0.2462,0.2688,0.0226,0.7086,594557.3,3.0775165306879737,6.798089916666667
BAM.TO,Brookfield Asset Management Ltd.,Financial Services,2023,3714000000.0,1839000000.0,2666000000.0,,1439000000.0,0.4951534733441033,,,,,,602387.8,1.31703033500723,3.8944715
BAM.TO,Brookfield Asset Management Ltd.,Financial Services,2024,3989000000.0,2168000000.0,2835000000.0,,1612000000.0,0.5434946101779895,,,,,,621065.3,3.100577402131988,2.3854825
BAM.TO,Brookfield Asset Management Ltd.,Financial Services,2025,4608000000.0,2485000000.0,3235000000.0,,2101000000.0,0.5392795138888888,,,,,,,,
BN.TO,Brookfield Corporation,Financial Services,2022,92769000000.0,2056000000.0,14258000000.0,-7236000000.0,8751000000.0,0.0221625758604706,0.0780001940303334,0.1645,0.2001,0.0356,0.7643,594557.3,3.0775165306879737,6.798089916666667
BN.TO,Brookfield Corporation,Financial Services,2023,95924000000.0,1130000000.0,14515000000.0,-8069000000.0,6467000000.0,0.0117801592927734,0.0841186772861849,0.1645,0.2001,0.0356,0.7643,602387.8,1.31703033500723,3.8944715
BN.TO,Brookfield Corporation,Financial Services,2024,86006000000.0,641000000.0,18070000000.0,-11172000000.0,7569000000.0,0.0074529683975536,0.1298979140990163,0.1645,0.2001,0.0356,0.7643,621065.3,3.100577402131988,2.3854825
BN.TO,Brookfield Corporation,Financial Services,2025,75100000000.0,1307000000.0,18127000000.0,-14752000000.0,10958000000.0,0.0174034620505992,0.1964314247669773,0.1645,0.2001,0.0356,0.7643,,,
CAE.TO,CAE Inc.,Industrials,2022,3371300000.0,141700000.0,955500000.0,-362800000.0,418200000.0,0.0420312639041319,0.1076142734256814,,,,,594557.3,3.0775165306879737,6.798089916666667
CAE.TO,CAE Inc.,Industrials,2023,4010600000.0,222700000.0,1083500000.0,-425300000.0,408400000.0,0.055527851194335,0.1060439834438737,,,,,602387.8,1.31703033500723,3.8944715
CAE.TO,CAE Inc.,Industrials,2024,4282800000.0,-304000000.0,1154500000.0,-477700000.0,566900000.0,-0.0709816008218922,0.1115391799757168,,,,,621065.3,3.100577402131988,2.3854825
CAE.TO,CAE Inc.,Industrials,2025,4707900000.0,405300000.0,1300100000.0,-444100000.0,896500000.0,0.0860893391958197,0.0943308056670702,,,,,,,
CCO.TO,Cameco Corporation,Energy,2022,1868003000.0,89382000.0,233291000.0,-143448000.0,304607000.0,0.0478489595573454,0.0767921678926639,-0.1315,0.1404,0.2719,0.5877,594557.3,3.0775165306879737,6.798089916666667
CCO.TO,Cameco Corporation,Energy,2023,2587758000.0,360847000.0,561666000.0,-153631000.0,688136000.0,0.139443873808911,0.0593683798871455,,,,,602387.8,1.31703033500723,3.8944715
CCO.TO,Cameco Corporation,Energy,2024,3135772000.0,171853000.0,782582000.0,-211635000.0,905288000.0,0.0548040482535082,0.067490557349195,,,,,621065.3,3.100577402131988,2.3854825
CCO.TO,Cameco Corporation,Energy,2025,3481933000.0,589577000.0,970273000.0,-333025000.0,1408432000.0,0.1693246251435625,0.0956437128457095,,,,,,,
CM.TO,Canadian Imperial Bank of Commerce,Financial Services,2022,21764000000.0,6220000000.0,,-1109000000.0,22715000000.0,0.2857930527476567,0.0509557066715677,,,,,594557.3,3.0775165306879737,6.798089916666667
CM.TO,Canadian Imperial Bank of Commerce,Financial Services,2023,23299000000.0,5001000000.0,,-1014000000.0,12154000000.0,0.2146444053392849,0.0435211811665736,,,,,602387.8,1.31703033500723,3.8944715
CM.TO,Canadian Imperial Bank of Commerce,Financial Services,2024,25526000000.0,7115000000.0,,-1089000000.0,11088000000.0,0.2787354070359633,0.0426623834521664,,,,,621065.3,3.100577402131988,2.3854825
CM.TO,Canadian Imperial Bank of Commerce,Financial Services,2025,29014000000.0,8429000000.0,,-1109000000.0,13838000000.0,0.2905149238298752,0.0382229268628937,,,,,,,
CNR.TO,Canadian National Railway Company,Industrials,2022,17107000000.0,5118000000.0,7396000000.0,-2750000000.0,6667000000.0,0.2991757759981294,0.1607529081662477,,,,,594557.3,3.0775165306879737,6.798089916666667
CNR.TO,Canadian National Railway Company,Industrials,2023,16828000000.0,5625000000.0,7151000000.0,-3187000000.0,6965000000.0,0.3342643213691466,0.189386736391728,,,,,602387.8,1.31703033500723,3.8944715
CNR.TO,Canadian National Railway Company,Industrials,2024,17046000000.0,4448000000.0,6967000000.0,-3549000000.0,6699000000.0,0.2609409832218702,0.2082013375571981,,,,,621065.3,3.100577402131988,2.3854825
CNR.TO,Canadian National Railway Company,Industrials,2025,17304000000.0,4720000000.0,7332000000.0,-3658000000.0,7049000000.0,0.2727693018955155,0.2113962089690245,,,,,,,
CNQ.TO,Canadian Natural Resources Limited,Energy,2022,49530000000.0,10937000000.0,16260000000.0,-5136000000.0,19391000000.0,0.2208156672723601,0.103694730466384,-0.0212,0.0604,0.0815,0.8581,594557.3,3.0775165306879737,6.798089916666667
CNQ.TO,Canadian Natural Resources Limited,Energy,2023,40835000000.0,8233000000.0,11773000000.0,-4909000000.0,12353000000.0,0.2016162605607934,0.1202155014081057,,,,,602387.8,1.31703033500723,3.8944715
CNQ.TO,Canadian Natural Resources Limited,Energy,2024,41509000000.0,6106000000.0,10898000000.0,-5383000000.0,13386000000.0,0.1471006287793008,0.1296827194102484,,,,,621065.3,3.100577402131988,2.3854825
CNQ.TO,Canadian Natural Resources Limited,Energy,2025,44167000000.0,10820000000.0,9401000000.0,-6791000000.0,15106000000.0,0.2449792831752213,0.1537573301333575,,,,,,,
CP.TO,Canadian Pacific Kansas City Limited,Industrials,2022,8814000000.0,3517000000.0,3329000000.0,-1557000000.0,4142000000.0,0.399024279555253,0.1766507828454731,,,,,594557.3,3.0775165306879737,6.798089916666667
CP.TO,Canadian Pacific Kansas City Limited,Industrials,2023,12555000000.0,3927000000.0,4388000000.0,-2499000000.0,4137000000.0,0.3127837514934289,0.1990442054958184,,,,,602387.8,1.31703033500723,3.8944715
CP.TO,Canadian Pacific Kansas City Limited,Industrials,2024,14546000000.0,3718000000.0,5179000000.0,-2863000000.0,5269000000.0,0.2556029148906916,0.1968238691049085,,,,,621065.3,3.100577402131988,2.3854825
CP.TO,Canadian Pacific Kansas City Limited,Industrials,2025,15078000000.0,4141000000.0,5609000000.0,-3140000000.0,5309000000.0,0.2746385462262899,0.2082504310916567,,,,,,,
CTC-A.TO,"Canadian Tire Corporation, Limited",Consumer Cyclical,2022,17810600000.0,1044100000.0,6097900000.0,-735100000.0,466500000.0,0.0586223934061738,0.0412731744017607,,,,,594557.3,3.0775165306879737,6.798089916666667
CTC-A.TO,"Canadian Tire Corporation, Limited",Consumer Cyclical,2023,16656500000.0,213300000.0,5703600000.0,-668600000.0,1353700000.0,0.0128058115450424,0.0401404856962747,,,,,602387.8,1.31703033500723,3.8944715
CTC-A.TO,"Canadian Tire Corporation, Limited",Consumer Cyclical,2024,15516000000.0,887700000.0,5200800000.0,-628300000.0,2063800000.0,0.0572119102861562,0.0404936839391595,,,,,621065.3,3.100577402131988,2.3854825
CTC-A.TO,"Canadian Tire Corporation, Limited",Consumer Cyclical,2025,16315500000.0,526300000.0,5615300000.0,-663700000.0,952100000.0,0.0322576690876773,0.0406791088228984,,,,,,,
CVE.TO,Cenovus Energy Inc.,Energy,2022,71765000000.0,6450000000.0,17134000000.0,-3758000000.0,11403000000.0,0.0898766808332752,0.0523653591583641,0.1087,0.1353,0.0266,0.838,594557.3,3.0775165306879737,6.798089916666667
CVE.TO,Cenovus Energy Inc.,Energy,2023,55474000000.0,4109000000.0,12704000000.0,-4298000000.0,7388000000.0,0.0740707358402134,0.0774777373183833,,,,,602387.8,1.31703033500723,3.8944715
CVE.TO,Cenovus Energy Inc.,Energy,2024,57726000000.0,3142000000.0,12765000000.0,-5015000000.0,9235000000.0,0.05442954647819,0.0868759311228909,,,,,621065.3,3.100577402131988,2.3854825
CVE.TO,Cenovus Energy Inc.,Energy,2025,52751000000.0,3930000000.0,11816000000.0,-4907000000.0,8228000000.0,0.0745009573278231,0.0930219332334932,,,,,,,
CSU.TO,Constellation Software Inc.,Technology,2022,6622000000.0,512000000.0,2323000000.0,-41000000.0,1297000000.0,0.0773180308064029,0.0061914829356689,-0.0031,0.0824,0.0855,0.8321,594557.3,3.0775165306879737,6.798089916666667
CSU.TO,Constellation Software Inc.,Technology,2023,8405000000.0,565000000.0,2944000000.0,-42000000.0,1779000000.0,0.0672218917311124,0.0049970255800118,,,,,602387.8,1.31703033500723,3.8944715
CSU.TO,Constellation Software Inc.,Technology,2024,10066000000.0,731000000.0,3615000000.0,-67000000.0,2196000000.0,0.0726207033578382,0.0066560699384065,,,,,621065.3,3.100577402131988,2.3854825
CSU.TO,Constellation Software Inc.,Technology,2025,11623000000.0,512000000.0,4368000000.0,-68000000.0,2732000000.0,0.0440505893487051,0.0058504688978749,,,,,,,
DCBO.TO,Docebo Inc.,Technology,2022,142912000.0,7018000.0,114734000.0,-1081000.0,2288000.0,0.0491071428571428,0.0075640953873712,0.1009,0.1264,0.0254,0.8482,594557.3,3.0775165306879737,6.798089916666667
DCBO.TO,Docebo Inc.,Technology,2023,180839000.0,2840000.0,146341000.0,-635000.0,15964000.0,0.0157045769994304,0.0035114107023374,,,,,602387.8,1.31703033500723,3.8944715
DCBO.TO,Docebo Inc.,Technology,2024,216931000.0,26736000.0,175636000.0,-1245000.0,29249000.0,0.1232465622709525,0.0057391520806154,,,,,621065.3,3.100577402131988,2.3854825
DCBO.TO,Docebo Inc.,Technology,2025,242687000.0,37512000.0,194836000.0,-981000.0,28173000.0,0.1545694660200175,0.0040422437130954,,,,,,,
DOL.TO,Dollarama Inc.,Consumer Defensive,2023,5052741000.0,801863000.0,2198206000.0,-156827000.0,869043000.0,0.1586986152664464,0.0310380049165393,,,,,602387.8,1.31703033500723,3.8944715
DOL.TO,Dollarama Inc.,Consumer Defensive,2024,5867348000.0,1010460000.0,2613441000.0,-278764000.0,1530954000.0,0.1722174992858784,0.0475110731458232,,,,,621065.3,3.100577402131988,2.3854825
DOL.TO,Dollarama Inc.,Consumer Defensive,2025,6413145000.0,1168545000.0,2893746000.0,-243450000.0,1644139000.0,0.182210912118781,0.0379610939718344,,,,,,,
DOL.TO,Dollarama Inc.,Consumer Defensive,2026,7255754000.0,1309438000.0,3268665000.0,-279335000.0,1761156000.0,0.1804689078488603,0.0384984110541785,,,,,,,
EMP-A.TO,Empire Company Limited,Consumer Defensive,2022,30162400000.0,745800000.0,7659700000.0,-780300000.0,2107100000.0,0.0247261491128026,0.0258699572978277,,,,,594557.3,3.0775165306879737,6.798089916666667
EMP-A.TO,Empire Company Limited,Consumer Defensive,2023,30478100000.0,686000000.0,7792700000.0,-757700000.0,1605300000.0,0.0225079647353345,0.0248604735859518,0.0893,0.1358,0.0465,0.8177,602387.8,1.31703033500723,3.8944715
EMP-A.TO,Empire Company Limited,Consumer Defensive,2024,30733000000.0,726000000.0,8071000000.0,-799000000.0,2073000000.0,0.0236228158656818,0.0259981127777958,,,,,621065.3,3.100577402131988,2.3854825
EMP-A.TO,Empire Company Limited,Consumer Defensive,2025,31277000000.0,700000000.0,8382000000.0,-777000000.0,2127000000.0,0.0223806631070754,0.0248425360488537,,,,,,,
ENB.TO,Enbridge Inc.,Energy,2022,53309000000.0,3003000000.0,16403000000.0,-4821000000.0,11230000000.0,0.0563319514528503,0.0904350109737567,,,,,594557.3,3.0775165306879737,6.798089916666667
ENB.TO,Enbridge Inc.,Energy,2023,43649000000.0,6191000000.0,17670000000.0,-4876000000.0,14201000000.0,0.141836009988774,0.1117093175101376,,,,,602387.8,1.31703033500723,3.8944715
ENB.TO,Enbridge Inc.,Energy,2024,53473000000.0,5441000000.0,19266000000.0,-6930000000.0,12600000000.0,0.1017522862005124,0.12959811493651,,,,,621065.3,3.100577402131988,2.3854825
ENB.TO,Enbridge Inc.,Energy,2025,65194000000.0,7491000000.0,21497000000.0,-9165000000.0,12270000000.0,0.1149032119520201,0.140580421511182,,,,,,,
FM.TO,First Quantum Minerals Ltd.,Basic Materials,2022,7626000000.0,1034000000.0,2200000000.0,-1167000000.0,2332000000.0,0.1355887752425911,0.1530291109362706,,,,,594557.3,3.0775165306879737,6.798089916666667
FM.TO,First Quantum Minerals Ltd.,Basic Materials,2023,6456000000.0,-954000000.0,1292000000.0,-1300000000.0,1427000000.0,-0.1477695167286245,0.201363073110285,,,,,602387.8,1.31703033500723,3.8944715
FM.TO,First Quantum Minerals Ltd.,Basic Materials,2024,4802000000.0,2000000.0,1350000000.0,-1286000000.0,1651000000.0,0.0004164931278633,0.2678050812161599,,,,,621065.3,3.100577402131988,2.3854825
FM.TO,First Quantum Minerals Ltd.,Basic Materials,2025,5237000000.0,-28000000.0,1458000000.0,-1134000000.0,2082000000.0,-0.0053465724651518,0.2165361848386481,,,,,,,
GIL.TO,Gildan Activewear Inc.,Consumer Cyclical,2022,3240482000.0,541540000.0,992412000.0,-244554000.0,413488000.0,0.1671171140589579,0.0754684025401159,-0.0319,0.0903,0.1222,0.7875,594557.3,3.0775165306879737,6.798089916666667
GIL.TO,Gildan Activewear Inc.,Consumer Cyclical,2023,3195911000.0,533580000.0,880054000.0,-208009000.0,546606000.0,0.1669570898563821,0.0650859801790475,,,,,602387.8,1.31703033500723,3.8944715
GIL.TO,Gildan Activewear Inc.,Consumer Cyclical,2024,3270590000.0,400865000.0,1003679000.0,-150352000.0,501388000.0,0.1225665705576058,0.0459709104473504,,,,,621065.3,3.100577402131988,2.3854825
GIL.TO,Gildan Activewear Inc.,Consumer Cyclical,2025,3619236000.0,398879000.0,1129867000.0,-113807000.0,606315000.0,0.1102108290257943,0.0314450342558484,,,,,,,
GWO.TO,Great-West Lifeco Inc.,Financial Services,2022,-2693000000.0,3726000000.0,,,3772000000.0,-1.383587077608615,,,,,,594557.3,3.0775165306879737,6.798089916666667
GWO.TO,Great-West Lifeco Inc.,Financial Services,2023,36731000000.0,2868000000.0,,,5203000000.0,0.0780811848302523,,,,,,602387.8,1.31703033500723,3.8944715
GWO.TO,Great-West Lifeco Inc.,Financial Services,2024,34723000000.0,4070000000.0,,,4751000000.0,0.1172133744204129,,,,,,621065.3,3.100577402131988,2.3854825
GWO.TO,Great-West Lifeco Inc.,Financial Services,2025,39104000000.0,4120000000.0,,,2708000000.0,0.1053600654664484,,,,,,,,
IMO.TO,Imperial Oil Limited,Energy,2022,57234000000.0,7340000000.0,10191000000.0,-1526000000.0,10482000000.0,0.1282454485096271,0.0266624733549987,0.0543,0.0846,0.0304,0.885,594557.3,3.0775165306879737,6.798089916666667
IMO.TO,Imperial Oil Limited,Energy,2023,48300000000.0,4889000000.0,7115000000.0,-1785000000.0,3734000000.0,0.1012215320910973,0.0369565217391304,,,,,602387.8,1.31703033500723,3.8944715
IMO.TO,Imperial Oil Limited,Energy,2024,48824000000.0,4790000000.0,7058000000.0,-1867000000.0,5981000000.0,0.0981074881205964,0.0382393904637063,,,,,621065.3,3.100577402131988,2.3854825
IMO.TO,Imperial Oil Limited,Energy,2025,45203000000.0,3268000000.0,5548000000.0,-2005000000.0,6708000000.0,0.0722960865429285,0.0443554631329779,,,,,,,
IFC.TO,Intact Financial Corporation,Financial Services,2022,22539000000.0,2454000000.0,,-411000000.0,3665000000.0,0.1088779448955144,0.0182350592306668,0.0195,0.0723,0.0528,0.8749,594557.3,3.0775165306879737,6.798089916666667
IFC.TO,Intact Financial Corporation,Financial Services,2023,23290000000.0,1316000000.0,,-458000000.0,1846000000.0,0.0565049377415199,0.0196650923142979,,,,,602387.8,1.31703033500723,3.8944715
IFC.TO,Intact Financial Corporation,Financial Services,2024,24984000000.0,2297000000.0,,-429000000.0,3387000000.0,0.0919388408581492,0.0171709894332372,,,,,621065.3,3.100577402131988,2.3854825
IFC.TO,Intact Financial Corporation,Financial Services,2025,26073000000.0,3365000000.0,,-457000000.0,4388000000.0,0.1290607141487362,0.0175277106585356,,,,,,,
KXS.TO,Kinaxis Inc.,Technology,2022,366889000.0,20080000.0,235787000.0,-18249000.0,24518000.0,0.0547304498090703,0.0497398395700061,-0.3144,0.066,0.3804,0.5536,594557.3,3.0775165306879737,6.798089916666667
KXS.TO,Kinaxis Inc.,Technology,2023,426971000.0,10060000.0,258897000.0,-2299000.0,79357000.0,0.023561319152823,0.0053844406294572,,,,,602387.8,1.31703033500723,3.8944715
KXS.TO,Kinaxis Inc.,Technology,2024,483111000.0,56000.0,294583000.0,-4515000.0,99213000.0,0.0001159153900449,0.0093456783223731,,,,,621065.3,3.100577402131988,2.3854825
KXS.TO,Kinaxis Inc.,Technology,2025,548030000.0,70699000.0,354278000.0,-5689000.0,117800000.0,0.1290057113661661,0.0103808185683265,,,,,,,
LSPD.TO,Lightspeed Commerce Inc.,Technology,2022,548372000.0,-288433000.0,271173000.0,-10653000.0,-87218000.0,-0.5259805387583611,0.0194265936262245,,,,,594557.3,3.0775165306879737,6.798089916666667
LSPD.TO,Lightspeed Commerce Inc.,Technology,2023,730506000.0,-1070009000.0,331961000.0,-13121000.0,-125284000.0,-1.4647504606396111,0.0179615225610741,0.2937,0.326,0.0323,0.6417,602387.8,1.31703033500723,3.8944715
LSPD.TO,Lightspeed Commerce Inc.,Technology,2024,909270000.0,-163964000.0,385250000.0,-18184000.0,-97667000.0,-0.1803248759994281,0.0199984603033202,,,,,621065.3,3.100577402131988,2.3854825
LSPD.TO,Lightspeed Commerce Inc.,Technology,2025,1076826000.0,-667196000.0,450205000.0,-23123000.0,-32762000.0,-0.6195949949202564,0.021473292806823,,,,,,,
L.TO,Loblaw Companies Limited,Consumer Defensive,2022,56504000000.0,1921000000.0,17976000000.0,-1571000000.0,4755000000.0,0.0339975930907546,0.0278033413563641,-0.0426,0.1349,0.1775,0.6876,594557.3,3.0775165306879737,6.798089916666667
L.TO,Loblaw Companies Limited,Consumer Defensive,2023,59529000000.0,2100000000.0,19037000000.0,-2072000000.0,5654000000.0,0.03527692385224,0.0348065648675435,-0.0426,0.1349,0.1775,0.6876,602387.8,1.31703033500723,3.8944715
L.TO,Loblaw Companies Limited,Consumer Defensive,2024,60123000000.0,2171000000.0,18835000000.0,-2200000000.0,5802000000.0,0.0361093092493721,0.0365916537764249,-0.0426,0.1349,0.1775,0.6876,621065.3,3.100577402131988,2.3854825
L.TO,Loblaw Companies Limited,Consumer Defensive,2025,63903000000.0,2667000000.0,20032000000.0,-2062000000.0,6264000000.0,0.0417351298061123,0.0322676556656182,-0.0426,0.1349,0.1775,0.6876,,,
MFC.TO,Manulife Financial Corporation,Financial Services,2022,24159000000.0,-2100000000.0,,,16628000000.0,-0.0869241276542903,,,,,,594557.3,3.0775165306879737,6.798089916666667
MFC.TO,Manulife Financial Corporation,Financial Services,2023,-7037000000.0,5463000000.0,,,20423000000.0,-0.7763251385533608,,,,,,602387.8,1.31703033500723,3.8944715
MFC.TO,Manulife Financial Corporation,Financial Services,2024,-7288000000.0,5631000000.0,,,26494000000.0,-0.7726399560922064,,,,,,621065.3,3.100577402131988,2.3854825
MFC.TO,Manulife Financial Corporation,Financial Services,2025,53014000000.0,5782000000.0,,,32105000000.0,0.1090655298600369,,,,,,,,
MRU.TO,Metro Inc.,Consumer Defensive,2022,18888900000.0,846100000.0,3783300000.0,-621000000.0,1461400000.0,0.0447935030626452,0.0328764512491463,,,,,594557.3,3.0775165306879737,6.798089916666667
MRU.TO,Metro Inc.,Consumer Defensive,2023,20724600000.0,1014800000.0,4082200000.0,-679900000.0,1563500000.0,0.048965963154898,0.0328064232844059,,,,,602387.8,1.31703033500723,3.8944715
MRU.TO,Metro Inc.,Consumer Defensive,2024,21219900000.0,928800000.0,4179300000.0,-579700000.0,1677000000.0,0.0437702345439893,0.0273186961295764,,,,,621065.3,3.100577402131988,2.3854825
MRU.TO,Metro Inc.,Consumer Defensive,2025,22006700000.0,1017000000.0,4370300000.0,-510600000.0,1724900000.0,0.0462131987076663,0.0232020248378902,,,,,,,
NTR.TO,Nutrien Ltd.,Basic Materials,2022,37884000000.0,7660000000.0,15424000000.0,-2475000000.0,8110000000.0,0.2021961778059339,0.0653310104529616,0.23,0.2735,0.0435,0.683,594557.3,3.0775165306879737,6.798089916666667
NTR.TO,Nutrien Ltd.,Basic Materials,2023,29056000000.0,1258000000.0,8474000000.0,-2600000000.0,5066000000.0,0.0432957048458149,0.0894823788546255,,,,,602387.8,1.31703033500723,3.8944715
NTR.TO,Nutrien Ltd.,Basic Materials,2024,25972000000.0,674000000.0,7530000000.0,-2154000000.0,3535000000.0,0.025951024179886,0.0829354689665794,,,,,621065.3,3.100577402131988,2.3854825
NTR.TO,Nutrien Ltd.,Basic Materials,2025,26885000000.0,2267000000.0,8347000000.0,-2005000000.0,4007000000.0,0.0843221127022503,0.0745769016180026,,,,,,,
OTEX.TO,Open Text Corporation,Technology,2022,3493844000.0,397090000.0,2431643000.0,-93109000.0,981810000.0,0.1136541871932461,0.0266494439934925,0.0362,0.1813,0.1451,0.6736,594557.3,3.0775165306879737,6.798089916666667
OTEX.TO,Open Text Corporation,Technology,2023,4484980000.0,150379000.0,3168393000.0,-123832000.0,779205000.0,0.0335294694736654,0.027610379533465,,,,,602387.8,1.31703033500723,3.8944715
OTEX.TO,Open Text Corporation,Technology,2024,5769577000.0,465090000.0,4191028000.0,-159295000.0,967691000.0,0.080610762279453,0.0276094763966231,,,,,621065.3,3.100577402131988,2.3854825
OTEX.TO,Open Text Corporation,Technology,2025,5168405000.0,435868000.0,3734287000.0,-143222000.0,830618000.0,0.0843331743545639,0.0277110636647089,,,,,,,
PPL.TO,Pembina Pipeline Corporation,Energy,2022,11611000000.0,2971000000.0,3123000000.0,-605000000.0,2929000000.0,0.2558780466798725,0.0521057617776246,0.0327,0.2696,0.2369,0.4935,594557.3,3.0775165306879737,6.798089916666667
PPL.TO,Pembina Pipeline Corporation,Energy,2023,6331000000.0,1776000000.0,2840000000.0,-606000000.0,2635000000.0,0.2805244037276891,0.0957194755962723,,,,,602387.8,1.31703033500723,3.8944715
PPL.TO,Pembina Pipeline Corporation,Energy,2024,7384000000.0,1864000000.0,3316000000.0,-955000000.0,3214000000.0,0.2524377031419285,0.1293336944745395,,,,,621065.3,3.100577402131988,2.3854825
PPL.TO,Pembina Pipeline Corporation,Energy,2025,7778000000.0,1694000000.0,3193000000.0,-784000000.0,3301000000.0,0.2177937773206479,0.1007971200822833,,,,,,,
PBH.TO,Premium Brands Holdings Corporation,Consumer Defensive,2022,6029800000.0,160100000.0,1103700000.0,-228400000.0,96500000.0,0.0265514610766526,0.0378785366015456,-0.0441,0.2036,0.2477,0.5487,594557.3,3.0775165306879737,6.798089916666667
PBH.TO,Premium Brands Holdings Corporation,Consumer Defensive,2023,6261000000.0,94200000.0,1208400000.0,-399700000.0,433900000.0,0.0150455198850023,0.0638396422296757,,,,,602387.8,1.31703033500723,3.8944715
PBH.TO,Premium Brands Holdings Corporation,Consumer Defensive,2024,6470500000.0,121500000.0,1292600000.0,-364800000.0,253100000.0,0.0187775287844834,0.0563789506220539,,,,,621065.3,3.100577402131988,2.3854825
PBH.TO,Premium Brands Holdings Corporation,Consumer Defensive,2025,7477200000.0,40500000.0,1388500000.0,-219000000.0,93600000.0,0.0054164660568127,0.0292890386775798,,,,,,,
REI-UN.TO,RioCan Real Estate Investment Trust,Real Estate,2022,1213847000.0,236772000.0,712692000.0,-392973000.0,506124000.0,0.1950591796165414,0.3237417895336067,0.6871,0.7017,0.0145,0.2838,594557.3,3.0775165306879737,6.798089916666667
REI-UN.TO,RioCan Real Estate Investment Trust,Real Estate,2023,1123871000.0,38802000.0,714408000.0,-390998000.0,385516000.0,0.0345253147380793,0.3479029176836131,0.6871,0.7017,0.0145,0.2838,602387.8,1.31703033500723,3.8944715
REI-UN.TO,RioCan Real Estate Investment Trust,Real Estate,2024,1239526000.0,473465000.0,740948000.0,-296938000.0,378280000.0,0.3819726250195639,0.2395577018957246,0.6871,0.7017,0.0145,0.2838,621065.3,3.100577402131988,2.3854825
REI-UN.TO,RioCan Real Estate Investment Trust,Real Estate,2025,1436571000.0,69295000.0,798716000.0,-253034000.0,434068000.0,0.0482363906830918,0.1761374829367988,0.6871,0.7017,0.0145,0.2838,,,
RY.TO,Royal Bank of Canada,Financial Services,2022,48775000000.0,15794000000.0,,-2500000000.0,21942000000.0,0.3238134290107637,0.0512557662737057,,,,,594557.3,3.0775165306879737,6.798089916666667
RY.TO,Royal Bank of Canada,Financial Services,2023,51591000000.0,14605000000.0,,-2730000000.0,26079000000.0,0.2830920121726658,0.0529162063150549,,,,,602387.8,1.31703033500723,3.8944715
RY.TO,Royal Bank of Canada,Financial Services,2024,57491000000.0,16230000000.0,,-2280000000.0,23139000000.0,0.2823050564436172,0.0396583813118575,,,,,621065.3,3.100577402131988,2.3854825
RY.TO,Royal Bank of Canada,Financial Services,2025,66532000000.0,20362000000.0,,-2243000000.0,55220000000.0,0.3060482173991463,0.0337131004629351,,,,,,,
SHOP.TO,Shopify Inc.,Technology,2022,5600000000.0,-3460000000.0,2754000000.0,-50000000.0,-136000000.0,-0.6178571428571429,0.0089285714285714,0.2708,0.4033,0.1325,0.4642,594557.3,3.0775165306879737,6.798089916666667
SHOP.TO,Shopify Inc.,Technology,2023,7060000000.0,132000000.0,3515000000.0,-39000000.0,944000000.0,0.0186968838526912,0.0055240793201133,,,,,602387.8,1.31703033500723,3.8944715
SHOP.TO,Shopify Inc.,Technology,2024,8880000000.0,2019000000.0,4472000000.0,-19000000.0,1616000000.0,0.2273648648648648,0.0021396396396396,,,,,621065.3,3.100577402131988,2.3854825
SHOP.TO,Shopify Inc.,Technology,2025,11556000000.0,1231000000.0,5555000000.0,-26000000.0,2033000000.0,0.1065247490481135,0.0022499134648667,,,,,,,
STN.TO,Stantec Inc.,Industrials,2022,5677200000.0,247000000.0,2417300000.0,-74900000.0,304300000.0,0.0435073627844712,0.0131931233706756,0.3863,0.4595,0.0733,0.4672,594557.3,3.0775165306879737,6.798089916666667
STN.TO,Stantec Inc.,Industrials,2023,6479600000.0,316500000.0,2744700000.0,-100600000.0,520000000.0,0.048845607753565,0.0155256497314649,,,,,602387.8,1.31703033500723,3.8944715
STN.TO,Stantec Inc.,Industrials,2024,7500000000.0,361500000.0,3195700000.0,-99000000.0,603100000.0,0.0482,0.0132,,,,,621065.3,3.100577402131988,2.3854825
STN.TO,Stantec Inc.,Industrials,2025,8144200000.0,479400000.0,3529000000.0,-71900000.0,862900000.0,0.0588639768178581,0.0088283686549937,,,,,,,
SLF.TO,Sun Life Financial Inc.,Financial Services,2022,3429000000.0,3024000000.0,,,4311000000.0,0.8818897637795275,,,,,,594557.3,3.0775165306879737,6.798089916666667
SLF.TO,Sun Life Financial Inc.,Financial Services,2023,36354000000.0,3343000000.0,,-172000000.0,5612000000.0,0.0919568685701711,0.0047312537822522,,,,,602387.8,1.31703033500723,3.8944715
SLF.TO,Sun Life Financial Inc.,Financial Services,2024,34483000000.0,3171000000.0,,-143000000.0,2532000000.0,0.0919583562915059,0.0041469709712032,,,,,621065.3,3.100577402131988,2.3854825
SLF.TO,Sun Life Financial Inc.,Financial Services,2025,38447000000.0,3745000000.0,,-145000000.0,2799000000.0,0.097406819777876,0.0037714255988763,,,,,,,
SU.TO,Suncor Energy Inc.,Energy,2022,62907000000.0,9077000000.0,26874000000.0,-5120000000.0,15680000000.0,0.1442923680989397,0.081389988395568,0.1273,0.1809,0.0536,0.7655,594557.3,3.0775165306879737,6.798089916666667
SU.TO,Suncor Energy Inc.,Energy,2023,52206000000.0,8295000000.0,21924000000.0,-5936000000.0,12344000000.0,0.1588897827835881,0.1137034057388039,,,,,602387.8,1.31703033500723,3.8944715
SU.TO,Suncor Energy Inc.,Energy,2024,54881000000.0,6016000000.0,22376000000.0,-6483000000.0,15960000000.0,0.1096189938229988,0.1181283139884477,,,,,621065.3,3.100577402131988,2.3854825
SU.TO,Suncor Energy Inc.,Energy,2025,52377000000.0,5918000000.0,21674000000.0,-5856000000.0,12781000000.0,0.112988525497833,0.1118047998167134,,,,,,,
TRP.TO,TC Energy Corporation,Energy,2022,12309000000.0,748000000.0,5797000000.0,-6727000000.0,6375000000.0,0.0607685433422698,0.5465106832399058,0.0333,0.0944,0.0611,0.8445,594557.3,3.0775165306879737,6.798089916666667
TRP.TO,TC Energy Corporation,Energy,2023,13267000000.0,2922000000.0,6668000000.0,-8149000000.0,7268000000.0,0.2202457224692847,0.6142307982211502,,,,,602387.8,1.31703033500723,3.8944715
TRP.TO,TC Energy Corporation,Energy,2024,13771000000.0,4698000000.0,6606000000.0,-6358000000.0,7696000000.0,0.3411516955921865,0.4616948660228015,,,,,621065.3,3.100577402131988,2.3854825
TRP.TO,TC Energy Corporation,Energy,2025,15239000000.0,3519000000.0,7643000000.0,-5286000000.0,7346000000.0,0.2309206640855699,0.3468731544064571,,,,,,,
BNS.TO,The Bank of Nova Scotia,Financial Services,2022,31509000000.0,9916000000.0,,-571000000.0,16943000000.0,0.3147037354406677,0.0181218064679932,,,,,594557.3,3.0775165306879737,6.798089916666667
BNS.TO,The Bank of Nova Scotia,Financial Services,2023,31694000000.0,7338000000.0,,-442000000.0,31724000000.0,0.2315264718874234,0.0139458572600492,,,,,602387.8,1.31703033500723,3.8944715
BNS.TO,The Bank of Nova Scotia,Financial Services,2024,33615000000.0,7758000000.0,,-489000000.0,15652000000.0,0.2307898259705488,0.0145470771976796,,,,,621065.3,3.100577402131988,2.3854825
BNS.TO,The Bank of Nova Scotia,Financial Services,2025,37097000000.0,7789000000.0,,-347000000.0,5407000000.0,0.2099630697900099,0.0093538561069628,,,,,,,
TD.TO,The Toronto-Dominion Bank,Financial Services,2022,45762000000.0,17429000000.0,,-1454000000.0,38949000000.0,0.3808618504435995,0.0317730868406101,,,,,594557.3,3.0775165306879737,6.798089916666667
TD.TO,The Toronto-Dominion Bank,Financial Services,2023,51524000000.0,10634000000.0,,-1844000000.0,-65302000000.0,0.2063892554925859,0.0357891468053722,,,,,602387.8,1.31703033500723,3.8944715
TD.TO,The Toronto-Dominion Bank,Financial Services,2024,56256000000.0,8842000000.0,,-2177000000.0,54937000000.0,0.157174345847554,0.0386980944254835,,,,,621065.3,3.100577402131988,2.3854825
TD.TO,The Toronto-Dominion Bank,Financial Services,2025,61281000000.0,20538000000.0,,-2145000000.0,-69646000000.0,0.3351446614774563,0.0350026925148088,,,,,,,
TIH.TO,Toromont Industries Ltd.,Industrials,2022,4115347000.0,454198000.0,1118516000.0,-68552000.0,216953000.0,0.1103668779327721,0.0166576475811152,0.2391,0.37,0.131,0.499,594557.3,3.0775165306879737,6.798089916666667
TIH.TO,Toromont Industries Ltd.,Industrials,2023,4622301000.0,534712000.0,1244889000.0,-114471000.0,355794000.0,0.1156809130344389,0.0247649385014087,,,,,602387.8,1.31703033500723,3.8944715
TIH.TO,Toromont Industries Ltd.,Industrials,2024,5021163000.0,506516000.0,1262632000.0,-136516000.0,359227000.0,0.1008762312635538,0.0271881235482695,,,,,621065.3,3.100577402131988,2.3854825
TIH.TO,Toromont Industries Ltd.,Industrials,2025,5202837000.0,496586000.0,1322203000.0,-228164000.0,742122000.0,0.0954452349746878,0.0438537667045882,,,,,,,
WSP.TO,WSP Global Inc.,Industrials,2022,11932900000.0,431800000.0,8957200000.0,-166500000.0,814800000.0,0.0361856715467321,0.0139530206404143,0.1066,0.1312,0.0246,0.8442,594557.3,3.0775165306879737,6.798089916666667
WSP.TO,WSP Global Inc.,Industrials,2023,14437200000.0,550000000.0,10897000000.0,-180400000.0,986300000.0,0.03809602970105,0.0124954977419444,,,,,602387.8,1.31703033500723,3.8944715
WSP.TO,WSP Global Inc.,Industrials,2024,16166800000.0,681400000.0,12172200000.0,-163800000.0,1381900000.0,0.0421481059950021,0.0101318752010292,,,,,621065.3,3.100577402131988,2.3854825
WSP.TO,WSP Global Inc.,Industrials,2025,18285000000.0,964300000.0,13959100000.0,-152900000.0,2246000000.0,0.0527372162975116,0.0083620453923981,,,,,,,
WCN.TO,"Waste Connections, Inc.",Industrials,2022,7211859000.0,835662000.0,2875847000.0,-912677000.0,2022492000.0,0.1158733136629543,0.1265522523388213,,,,,594557.3,3.0775165306879737,6.798089916666667
WCN.TO,"Waste Connections, Inc.",Industrials,2023,8021951000.0,762800000.0,3277438000.0,-934000000.0,2126817000.0,0.0950890874302273,0.1164305291817414,,,,,602387.8,1.31703033500723,3.8944715
WCN.TO,"Waste Connections, Inc.",Industrials,2024,8919591000.0,617573000.0,3727885000.0,-1055988000.0,2228927000.0,0.0692378159491842,0.1183897333409121,,,,,621065.3,3.100577402131988,2.3854825
WCN.TO,"Waste Connections, Inc.",Industrials,2025,9466915000.0,1076557000.0,4011533000.0,-1194366000.0,2414069000.0,0.1137178267682766,0.1261621130009089,,,,,,,
