ticker,company,sector,period,revenue,net_income,capex
ABX.TO,Barrick Mining Corporation,Basic Materials,2024-12-31,3645000000.0,996000000.0,-891000000.0
ABX.TO,Barrick Mining Corporation,Basic Materials,2025-03-31,3130000000.0,474000000.0,-837000000.0
ABX.TO,Barrick Mining Corporation,Basic Materials,2025-06-30,3681000000.0,811000000.0,-934000000.0
ABX.TO,Barrick Mining Corporation,Basic Materials,2025-09-30,4148000000.0,1302000000.0,-943000000.0
ABX.TO,Barrick Mining Corporation,Basic Materials,2025-12-31,5997000000.0,2406000000.0,-1107000000.0
AGI.TO,Alamos Gold Inc.,Basic Materials,2024-12-31,375800000.0,87600000.0,-146400000.0
AGI.TO,Alamos Gold Inc.,Basic Materials,2025-03-31,333000000.0,15200000.0,-101700000.0
AGI.TO,Alamos Gold Inc.,Basic Materials,2025-06-30,438200000.0,159400000.0,-121800000.0
AGI.TO,Alamos Gold Inc.,Basic Materials,2025-09-30,462300000.0,276300000.0,-139300000.0
AGI.TO,Alamos Gold Inc.,Basic Materials,2025-12-31,575300000.0,434900000.0,-161400000.0
AP-UN.TO,Allied Properties Real Estate Investment Trust,Real Estate,2024-09-30,146593000.0,-94177000.0,-98000.0
AP-UN.TO,Allied Properties Real Estate Investment Trust,Real Estate,2024-12-31,155120000.0,-257652000.0,-555000.0
AP-UN.TO,Allied Properties Real Estate Investment Trust,Real Estate,2025-03-31,150636000.0,-107660000.0,-143000.0
AP-UN.TO,Allied Properties Real Estate Investment Trust,Real Estate,2025-06-30,145045000.0,-94740000.0,-165000.0
AP-UN.TO,Allied Properties Real Estate Investment Trust,Real Estate,2025-12-31,148766000.0,-1011743000.0,-230000.0
ARX.TO,ARC Resources Ltd.,Energy,2024-09-30,1337700000.0,328900000.0,
ARX.TO,ARC Resources Ltd.,Energy,2024-12-31,1567400000.0,370300000.0,-350300000.0
ARX.TO,ARC Resources Ltd.,Energy,2025-03-31,1795400000.0,404700000.0,-452600000.0
ARX.TO,ARC Resources Ltd.,Energy,2025-06-30,1536400000.0,396100000.0,-489000000.0
ARX.TO,ARC Resources Ltd.,Energy,2025-12-31,1761100000.0,259900000.0,-452200000.0
ATD.TO,Alimentation Couche-Tard Inc.,Consumer Cyclical,2025-01-31,20903500000.0,641400000.0,-713700000.0
ATD.TO,Alimentation Couche-Tard Inc.,Consumer Cyclical,2025-04-30,16270500000.0,439400000.0,-701300000.0
ATD.TO,Alimentation Couche-Tard Inc.,Consumer Cyclical,2025-07-31,17346900000.0,782500000.0,-416600000.0
ATD.TO,Alimentation Couche-Tard Inc.,Consumer Cyclical,2025-10-31,17866100000.0,740600000.0,-461900000.0
ATD.TO,Alimentation Couche-Tard Inc.,Consumer Cyclical,2026-01-31,21805700000.0,757200000.0,-602300000.0
BAM.TO,Brookfield Asset Management Ltd.,Financial Services,2024-12-31,120000000.0,186000000.0,
BAM.TO,Brookfield Asset Management Ltd.,Financial Services,2025-03-31,1079000000.0,581000000.0,
BAM.TO,Brookfield Asset Management Ltd.,Financial Services,2025-06-30,1153000000.0,620000000.0,
BAM.TO,Brookfield Asset Management Ltd.,Financial Services,2025-09-30,1140000000.0,724000000.0,
BAM.TO,Brookfield Asset Management Ltd.,Financial Services,2025-12-31,1236000000.0,560000000.0,
BB.TO,BlackBerry Limited,Technology,2024-11-30,143600000.0,-10500000.0,-2700000.0
BB.TO,BlackBerry Limited,Technology,2025-02-28,143900000.0,-7000000.0,-1100000.0
BB.TO,BlackBerry Limited,Technology,2025-05-31,121700000.0,1900000.0,-2100000.0
BB.TO,BlackBerry Limited,Technology,2025-08-31,129600000.0,13300000.0,-2200000.0
BB.TO,BlackBerry Limited,Technology,2025-11-30,141800000.0,13700000.0,-2300000.0
BMO.TO,Bank of Montreal,Financial Services,2025-01-31,9217000000.0,2134000000.0,-386000000.0
BMO.TO,Bank of Montreal,Financial Services,2025-04-30,8681000000.0,1960000000.0,-439000000.0
BMO.TO,Bank of Montreal,Financial Services,2025-07-31,8943000000.0,2327000000.0,-405000000.0
BMO.TO,Bank of Montreal,Financial Services,2025-10-31,9258000000.0,2288000000.0,-499000000.0
BMO.TO,Bank of Montreal,Financial Services,2026-01-31,9799000000.0,2490000000.0,-384000000.0
BN.TO,Brookfield Corporation,Financial Services,2024-12-31,19426000000.0,432000000.0,-3161000000.0
BN.TO,Brookfield Corporation,Financial Services,2025-03-31,17944000000.0,73000000.0,-2815000000.0
BN.TO,Brookfield Corporation,Financial Services,2025-06-30,18083000000.0,272000000.0,-2756000000.0
BN.TO,Brookfield Corporation,Financial Services,2025-09-30,18917000000.0,219000000.0,-3938000000.0
BN.TO,Brookfield Corporation,Financial Services,2025-12-31,20156000000.0,743000000.0,-5243000000.0
BNS.TO,The Bank of Nova Scotia,Financial Services,2025-01-31,9259000000.0,1147000000.0,-8000000.0
BNS.TO,The Bank of Nova Scotia,Financial Services,2025-04-30,8930000000.0,1976000000.0,-120000000.0
BNS.TO,The Bank of Nova Scotia,Financial Services,2025-07-31,9329000000.0,2447000000.0,-69000000.0
BNS.TO,The Bank of Nova Scotia,Financial Services,2025-10-31,9579000000.0,2219000000.0,-150000000.0
BNS.TO,The Bank of Nova Scotia,Financial Services,2026-01-31,9880000000.0,2287000000.0,-231000000.0
BYD.TO,Boyd Group Services Inc.,Consumer Cyclical,2024-12-31,752339000.0,2442000.0,-17811000.0
BYD.TO,Boyd Group Services Inc.,Consumer Cyclical,2025-03-31,778323000.0,-2637000.0,-15851000.0
BYD.TO,Boyd Group Services Inc.,Consumer Cyclical,2025-06-30,780407000.0,5422000.0,-13046000.0
BYD.TO,Boyd Group Services Inc.,Consumer Cyclical,2025-09-30,790210000.0,10845000.0,-18837000.0
BYD.TO,Boyd Group Services Inc.,Consumer Cyclical,2025-12-31,793854000.0,4790000.0,-14666000.0
CAE.TO,CAE Inc.,Industrials,2024-12-31,1223400000.0,168600000.0,-114900000.0
CAE.TO,CAE Inc.,Industrials,2025-03-31,1275400000.0,135900000.0,-126600000.0
CAE.TO,CAE Inc.,Industrials,2025-06-30,1098600000.0,57200000.0,-129300000.0
CAE.TO,CAE Inc.,Industrials,2025-09-30,1236600000.0,73900000.0,-107600000.0
CAE.TO,CAE Inc.,Industrials,2025-12-31,1252100000.0,108900000.0,-63400000.0
CCO.TO,Cameco Corporation,Energy,2024-12-31,1183173000.0,135473000.0,-64403000.0
CCO.TO,Cameco Corporation,Energy,2025-03-31,789432000.0,69764000.0,-56458000.0
CCO.TO,Cameco Corporation,Energy,2025-06-30,877016000.0,320888000.0,-74923000.0
CCO.TO,Cameco Corporation,Energy,2025-09-30,614555000.0,-141000.0,-92510000.0
CCO.TO,Cameco Corporation,Energy,2025-12-31,1200930000.0,199066000.0,-109134000.0
CM.TO,Canadian Imperial Bank of Commerce,Financial Services,2025-01-31,7252000000.0,2163000000.0,-193000000.0
CM.TO,Canadian Imperial Bank of Commerce,Financial Services,2025-04-30,6986000000.0,1998000000.0,-246000000.0
CM.TO,Canadian Imperial Bank of Commerce,Financial Services,2025-07-31,7225000000.0,2094000000.0,-282000000.0
CM.TO,Canadian Imperial Bank of Commerce,Financial Services,2025-10-31,7550000000.0,2174000000.0,-388000000.0
CM.TO,Canadian Imperial Bank of Commerce,Financial Services,2026-01-31,8321000000.0,3093000000.0,-246000000.0
CNQ.TO,Canadian Natural Resources Limited,Energy,2024-12-31,11064000000.0,1138000000.0,-1300000000.0
CNQ.TO,Canadian Natural Resources Limited,Energy,2025-03-31,12712000000.0,2458000000.0,-1297000000.0
CNQ.TO,Canadian Natural Resources Limited,Energy,2025-06-30,9675000000.0,2459000000.0,-1915000000.0
CNQ.TO,Canadian Natural Resources Limited,Energy,2025-09-30,11070000000.0,600000000.0,-2061000000.0
CNQ.TO,Canadian Natural Resources Limited,Energy,2025-12-31,10710000000.0,5303000000.0,-1454000000.0
CNR.TO,Canadian National Railway Company,Industrials,2024-12-31,4358000000.0,1146000000.0,-944000000.0
CNR.TO,Canadian National Railway Company,Industrials,2025-03-31,4403000000.0,1161000000.0,-519000000.0
CNR.TO,Canadian National Railway Company,Industrials,2025-06-30,4272000000.0,1172000000.0,-805000000.0
CNR.TO,Canadian National Railway Company,Industrials,2025-09-30,4165000000.0,1139000000.0,-1105000000.0
CNR.TO,Canadian National Railway Company,Industrials,2025-12-31,4464000000.0,1248000000.0,-1229000000.0
CP.TO,Canadian Pacific Kansas City Limited,Industrials,2024-12-31,3874000000.0,1201000000.0,-751000000.0
CP.TO,Canadian Pacific Kansas City Limited,Industrials,2025-03-31,3795000000.0,910000000.0,-723000000.0
CP.TO,Canadian Pacific Kansas City Limited,Industrials,2025-06-30,3699000000.0,1234000000.0,-755000000.0
CP.TO,Canadian Pacific Kansas City Limited,Industrials,2025-09-30,3661000000.0,920000000.0,-867000000.0
CP.TO,Canadian Pacific Kansas City Limited,Industrials,2025-12-31,3923000000.0,1077000000.0,-795000000.0
CSU.TO,Constellation Software Inc.,Technology,2024-12-31,2703000000.0,285000000.0,-25000000.0
CSU.TO,Constellation Software Inc.,Technology,2025-03-31,2653000000.0,115000000.0,-15000000.0
CSU.TO,Constellation Software Inc.,Technology,2025-06-30,2843000000.0,56000000.0,-16000000.0
CSU.TO,Constellation Software Inc.,Technology,2025-09-30,2947000000.0,210000000.0,-16000000.0
CSU.TO,Constellation Software Inc.,Technology,2025-12-31,3177000000.0,110000000.0,-21000000.0
CTC-A.TO,"Canadian Tire Corporation, Limited",Consumer Cyclical,2024-09-30,3987000000.0,200600000.0,-213600000.0
CTC-A.TO,"Canadian Tire Corporation, Limited",Consumer Cyclical,2024-12-31,4507300000.0,411500000.0,-146600000.0
CTC-A.TO,"Canadian Tire Corporation, Limited",Consumer Cyclical,2025-03-31,3456700000.0,37200000.0,-96900000.0
CTC-A.TO,"Canadian Tire Corporation, Limited",Consumer Cyclical,2025-06-30,4201900000.0,112100000.0,-140400000.0
CTC-A.TO,"Canadian Tire Corporation, Limited",Consumer Cyclical,2025-12-31,4551100000.0,207900000.0,-241500000.0
CVE.TO,Cenovus Energy Inc.,Energy,2024-12-31,15195000000.0,146000000.0,-1478000000.0
CVE.TO,Cenovus Energy Inc.,Energy,2025-03-31,14205000000.0,859000000.0,-1229000000.0
CVE.TO,Cenovus Energy Inc.,Energy,2025-06-30,12940000000.0,851000000.0,-1164000000.0
CVE.TO,Cenovus Energy Inc.,Energy,2025-09-30,13195000000.0,1286000000.0,-1154000000.0
CVE.TO,Cenovus Energy Inc.,Energy,2025-12-31,13938000000.0,934000000.0,-1360000000.0
DCBO.TO,Docebo Inc.,Technology,2024-12-31,57041000.0,11910000.0,-287000.0
DCBO.TO,Docebo Inc.,Technology,2025-03-31,57296000.0,1474000.0,-298000.0
DCBO.TO,Docebo Inc.,Technology,2025-06-30,60732000.0,3076000.0,-288000.0
DCBO.TO,Docebo Inc.,Technology,2025-09-30,61622000.0,6109000.0,-223000.0
DCBO.TO,Docebo Inc.,Technology,2025-12-31,63037000.0,26853000.0,-172000.0
DOL.TO,Dollarama Inc.,Consumer Defensive,2025-01-31,1881345000.0,390954000.0,-95632000.0
DOL.TO,Dollarama Inc.,Consumer Defensive,2025-04-30,1521210000.0,273756000.0,-49984000.0
DOL.TO,Dollarama Inc.,Consumer Defensive,2025-07-31,1723838000.0,321498000.0,-62206000.0
DOL.TO,Dollarama Inc.,Consumer Defensive,2025-10-31,1909442000.0,321724000.0,-68949000.0
DOL.TO,Dollarama Inc.,Consumer Defensive,2026-01-31,2101264000.0,392460000.0,-98196000.0
EMP-A.TO,Empire Company Limited,Consumer Defensive,2025-01-31,7725000000.0,146000000.0,-211000000.0
EMP-A.TO,Empire Company Limited,Consumer Defensive,2025-04-30,7637100000.0,172700000.0,-199700000.0
EMP-A.TO,Empire Company Limited,Consumer Defensive,2025-07-31,8258000000.0,212000000.0,-193000000.0
EMP-A.TO,Empire Company Limited,Consumer Defensive,2025-10-31,7995000000.0,159000000.0,-204000000.0
EMP-A.TO,Empire Company Limited,Consumer Defensive,2026-01-31,7890000000.0,-385000000.0,-211000000.0
ENB.TO,Enbridge Inc.,Energy,2024-12-31,16217000000.0,595000000.0,-2608000000.0
ENB.TO,Enbridge Inc.,Energy,2025-03-31,18502000000.0,2364000000.0,-1783000000.0
ENB.TO,Enbridge Inc.,Energy,2025-06-30,14876000000.0,2279000000.0,-1964000000.0
ENB.TO,Enbridge Inc.,Energy,2025-09-30,14639000000.0,788000000.0,-2412000000.0
ENB.TO,Enbridge Inc.,Energy,2025-12-31,17177000000.0,2060000000.0,-3006000000.0
FM.TO,First Quantum Minerals Ltd.,Basic Materials,2024-09-30,1279000000.0,108000000.0,-329000000.0
FM.TO,First Quantum Minerals Ltd.,Basic Materials,2024-12-31,1256000000.0,99000000.0,-324000000.0
FM.TO,First Quantum Minerals Ltd.,Basic Materials,2025-03-31,1190000000.0,-23000000.0,-243000000.0
FM.TO,First Quantum Minerals Ltd.,Basic Materials,2025-06-30,1226000000.0,18000000.0,-310000000.0
FM.TO,First Quantum Minerals Ltd.,Basic Materials,2025-12-31,1475000000.0,25000000.0,-301000000.0
GIL.TO,Gildan Activewear Inc.,Consumer Cyclical,2024-12-31,821520000.0,132318000.0,-40564000.0
GIL.TO,Gildan Activewear Inc.,Consumer Cyclical,2025-03-31,711672000.0,84682000.0,-23319000.0
GIL.TO,Gildan Activewear Inc.,Consumer Cyclical,2025-06-30,918500000.0,137900000.0,
GIL.TO,Gildan Activewear Inc.,Consumer Cyclical,2025-09-30,910567000.0,120155000.0,-24182000.0
GIL.TO,Gildan Activewear Inc.,Consumer Cyclical,2025-12-31,1078493000.0,56113000.0,-31922000.0
GWO.TO,Great-West Lifeco Inc.,Financial Services,2024-09-30,15837000000.0,891000000.0,
GWO.TO,Great-West Lifeco Inc.,Financial Services,2024-12-31,3172000000.0,1149000000.0,
GWO.TO,Great-West Lifeco Inc.,Financial Services,2025-03-31,10558000000.0,892000000.0,
GWO.TO,Great-West Lifeco Inc.,Financial Services,2025-06-30,10392000000.0,927000000.0,
GWO.TO,Great-West Lifeco Inc.,Financial Services,2025-12-31,6761000000.0,1097000000.0,
IFC.TO,Intact Financial Corporation,Financial Services,2024-12-31,6137000000.0,667000000.0,-102000000.0
IFC.TO,Intact Financial Corporation,Financial Services,2025-03-31,6403000000.0,676000000.0,-89000000.0
IFC.TO,Intact Financial Corporation,Financial Services,2025-06-30,6330000000.0,867000000.0,-85000000.0
IFC.TO,Intact Financial Corporation,Financial Services,2025-09-30,6698000000.0,861000000.0,-127000000.0
IFC.TO,Intact Financial Corporation,Financial Services,2025-12-31,6643000000.0,961000000.0,-156000000.0
IMO.TO,Imperial Oil Limited,Energy,2024-12-31,11920000000.0,1225000000.0,-423000000.0
IMO.TO,Imperial Oil Limited,Energy,2025-03-31,11874000000.0,1288000000.0,-398000000.0
IMO.TO,Imperial Oil Limited,Energy,2025-06-30,10836000000.0,949000000.0,-471000000.0
IMO.TO,Imperial Oil Limited,Energy,2025-09-30,11614000000.0,539000000.0,-504000000.0
IMO.TO,Imperial Oil Limited,Energy,2025-12-31,10879000000.0,492000000.0,-632000000.0
KXS.TO,Kinaxis Inc.,Technology,2024-09-30,121528000.0,6751000.0,-163000.0
KXS.TO,Kinaxis Inc.,Technology,2024-12-31,123935000.0,-16316000.0,-2268000.0
KXS.TO,Kinaxis Inc.,Technology,2025-03-31,132788000.0,15913000.0,-1582000.0
KXS.TO,Kinaxis Inc.,Technology,2025-06-30,136415000.0,18439000.0,-2686000.0
KXS.TO,Kinaxis Inc.,Technology,2025-12-31,144235000.0,19501000.0,-674000.0
L.TO,Loblaw Companies Limited,Consumer Defensive,2024-12-31,14948000000.0,469000000.0,-628000000.0
L.TO,Loblaw Companies Limited,Consumer Defensive,2025-03-31,14135000000.0,503000000.0,-246000000.0
L.TO,Loblaw Companies Limited,Consumer Defensive,2025-06-30,14672000000.0,714000000.0,-409000000.0
L.TO,Loblaw Companies Limited,Consumer Defensive,2025-09-30,19395000000.0,794000000.0,-685000000.0
L.TO,Loblaw Companies Limited,Consumer Defensive,2025-12-31,15701000000.0,656000000.0,-722000000.0
LSPD.TO,Lightspeed Commerce Inc.,Technology,2024-12-31,280134000.0,-26586000.0,-6119000.0
LSPD.TO,Lightspeed Commerce Inc.,Technology,2025-03-31,253419000.0,-575943000.0,-6999000.0
LSPD.TO,Lightspeed Commerce Inc.,Technology,2025-06-30,304942000.0,-49567000.0,-12319000.0
LSPD.TO,Lightspeed Commerce Inc.,Technology,2025-09-30,318963000.0,-32700000.0,-14667000.0
LSPD.TO,Lightspeed Commerce Inc.,Technology,2025-12-31,312346000.0,-33578000.0,-15950000.0
MFC.TO,Manulife Financial Corporation,Financial Services,2024-12-31,4218000000.0,1685000000.0,
MFC.TO,Manulife Financial Corporation,Financial Services,2025-03-31,9044000000.0,557000000.0,
MFC.TO,Manulife Financial Corporation,Financial Services,2025-06-30,41125000000.0,1874000000.0,
MFC.TO,Manulife Financial Corporation,Financial Services,2025-09-30,17309000000.0,1789000000.0,
MFC.TO,Manulife Financial Corporation,Financial Services,2025-12-31,8604000000.0,1562000000.0,
MRU.TO,Metro Inc.,Consumer Defensive,2024-12-31,5117100000.0,258800000.0,-89300000.0
MRU.TO,Metro Inc.,Consumer Defensive,2025-03-31,4909900000.0,219400000.0,-85800000.0
MRU.TO,Metro Inc.,Consumer Defensive,2025-06-30,6871000000.0,322800000.0,-145500000.0
MRU.TO,Metro Inc.,Consumer Defensive,2025-09-30,5108700000.0,216000000.0,-190000000.0
MRU.TO,Metro Inc.,Consumer Defensive,2025-12-31,5285800000.0,225500000.0,-61900000.0
NTR.TO,Nutrien Ltd.,Basic Materials,2024-12-31,5079000000.0,113000000.0,-705000000.0
NTR.TO,Nutrien Ltd.,Basic Materials,2025-03-31,5100000000.0,11000000.0,-300000000.0
NTR.TO,Nutrien Ltd.,Basic Materials,2025-06-30,10438000000.0,1221000000.0,-424000000.0
NTR.TO,Nutrien Ltd.,Basic Materials,2025-09-30,6007000000.0,464000000.0,-530000000.0
NTR.TO,Nutrien Ltd.,Basic Materials,2025-12-31,5340000000.0,571000000.0,-751000000.0
OTEX.TO,Open Text Corporation,Technology,2024-12-31,1334500000.0,229862000.0,-41269000.0
OTEX.TO,Open Text Corporation,Technology,2025-03-31,1254363000.0,92805000.0,-28412000.0
OTEX.TO,Open Text Corporation,Technology,2025-06-30,1310537000.0,28833000.0,-34225000.0
OTEX.TO,Open Text Corporation,Technology,2025-09-30,1288135000.0,146616000.0,-46534000.0
OTEX.TO,Open Text Corporation,Technology,2025-12-31,1326736000.0,168091000.0,-39215000.0
PBH.TO,Premium Brands Holdings Corporation,Consumer Defensive,2024-12-31,1639100000.0,37300000.0,-80300000.0
PBH.TO,Premium Brands Holdings Corporation,Consumer Defensive,2025-03-31,1679200000.0,2600000.0,-66200000.0
PBH.TO,Premium Brands Holdings Corporation,Consumer Defensive,2025-06-30,1914900000.0,27900000.0,-52400000.0
PBH.TO,Premium Brands Holdings Corporation,Consumer Defensive,2025-09-30,1986000000.0,-1700000.0,-46000000.0
PBH.TO,Premium Brands Holdings Corporation,Consumer Defensive,2025-12-31,1897100000.0,11700000.0,-54400000.0
PPL.TO,Pembina Pipeline Corporation,Energy,2024-12-31,2145000000.0,572000000.0,-242000000.0
PPL.TO,Pembina Pipeline Corporation,Energy,2025-03-31,2312000000.0,502000000.0,-174000000.0
PPL.TO,Pembina Pipeline Corporation,Energy,2025-06-30,1792000000.0,417000000.0,-197000000.0
PPL.TO,Pembina Pipeline Corporation,Energy,2025-09-30,1791000000.0,286000000.0,-178000000.0
PPL.TO,Pembina Pipeline Corporation,Energy,2025-12-31,1913000000.0,489000000.0,-235000000.0
REI-UN.TO,RioCan Real Estate Investment Trust,Real Estate,2024-12-31,357602000.0,125648000.0,-73226000.0
REI-UN.TO,RioCan Real Estate Investment Trust,Real Estate,2025-03-31,355831000.0,-84156000.0,-69391000.0
REI-UN.TO,RioCan Real Estate Investment Trust,Real Estate,2025-06-30,361654000.0,145615000.0,-56929000.0
REI-UN.TO,RioCan Real Estate Investment Trust,Real Estate,2025-09-30,371170000.0,-120338000.0,-68342000.0
REI-UN.TO,RioCan Real Estate Investment Trust,Real Estate,2025-12-31,347916000.0,128174000.0,-58372000.0
RY.TO,Royal Bank of Canada,Financial Services,2025-01-31,16720000000.0,5129000000.0,-681000000.0
RY.TO,Royal Bank of Canada,Financial Services,2025-04-30,15656000000.0,4386000000.0,-483000000.0
RY.TO,Royal Bank of Canada,Financial Services,2025-07-31,16960000000.0,5415000000.0,-530000000.0
RY.TO,Royal Bank of Canada,Financial Services,2025-10-31,17196000000.0,5432000000.0,-549000000.0
RY.TO,Royal Bank of Canada,Financial Services,2026-01-31,17923000000.0,5784000000.0,-597000000.0
SHOP.TO,Shopify Inc.,Technology,2024-12-31,2812000000.0,1293000000.0,-4000000.0
SHOP.TO,Shopify Inc.,Technology,2025-03-31,2360000000.0,-682000000.0,-4000000.0
SHOP.TO,Shopify Inc.,Technology,2025-06-30,2680000000.0,906000000.0,-6000000.0
SHOP.TO,Shopify Inc.,Technology,2025-09-30,2844000000.0,264000000.0,-6000000.0
SHOP.TO,Shopify Inc.,Technology,2025-12-31,3672000000.0,743000000.0,-10000000.0
SLF.TO,Sun Life Financial Inc.,Financial Services,2024-12-31,3275000000.0,142000000.0,-40000000.0
SLF.TO,Sun Life Financial Inc.,Financial Services,2025-03-31,11338000000.0,1001000000.0,-31000000.0
SLF.TO,Sun Life Financial Inc.,Financial Services,2025-06-30,9197000000.0,778000000.0,-32000000.0
SLF.TO,Sun Life Financial Inc.,Financial Services,2025-09-30,12399000000.0,1173000000.0,-36000000.0
SLF.TO,Sun Life Financial Inc.,Financial Services,2025-12-31,5513000000.0,793000000.0,-46000000.0
STN.TO,Stantec Inc.,Industrials,2024-12-31,1959500000.0,98000000.0,-3100000.0
STN.TO,Stantec Inc.,Industrials,2025-03-31,1923600000.0,100100000.0,-16100000.0
STN.TO,Stantec Inc.,Industrials,2025-06-30,1964300000.0,135400000.0,-19000000.0
STN.TO,Stantec Inc.,Industrials,2025-09-30,2140500000.0,150000000.0,-14300000.0
STN.TO,Stantec Inc.,Industrials,2025-12-31,2115800000.0,93900000.0,-22500000.0
SU.TO,Suncor Energy Inc.,Energy,2024-12-31,13657000000.0,818000000.0,-1570000000.0
SU.TO,Suncor Energy Inc.,Energy,2025-03-31,13330000000.0,1689000000.0,-1145000000.0
SU.TO,Suncor Energy Inc.,Energy,2025-06-30,12749000000.0,1134000000.0,-1708000000.0
SU.TO,Suncor Energy Inc.,Energy,2025-09-30,13565000000.0,1619000000.0,-1484000000.0
SU.TO,Suncor Energy Inc.,Energy,2025-12-31,12733000000.0,1476000000.0,-1519000000.0
TD.TO,The Toronto-Dominion Bank,Financial Services,2025-01-31,14901000000.0,2793000000.0,-497000000.0
TD.TO,The Toronto-Dominion Bank,Financial Services,2025-04-30,15004000000.0,11129000000.0,-436000000.0
TD.TO,The Toronto-Dominion Bank,Financial Services,2025-07-31,15482000000.0,3336000000.0,-575000000.0
TD.TO,The Toronto-Dominion Bank,Financial Services,2025-10-31,15894000000.0,3280000000.0,-637000000.0
TD.TO,The Toronto-Dominion Bank,Financial Services,2026-01-31,16501000000.0,4043000000.0,-531000000.0
TIH.TO,Toromont Industries Ltd.,Industrials,2024-09-30,1337992000.0,130951000.0,-24410000.0
TIH.TO,Toromont Industries Ltd.,Industrials,2024-12-31,1306953000.0,156296000.0,-42941000.0
TIH.TO,Toromont Industries Ltd.,Industrials,2025-03-31,1089622000.0,74436000.0,-17256000.0
TIH.TO,Toromont Industries Ltd.,Industrials,2025-06-30,1376463000.0,124347000.0,-87057000.0
TIH.TO,Toromont Industries Ltd.,Industrials,2025-12-31,1421882000.0,157185000.0,-74320000.0
TRP.TO,TC Energy Corporation,Energy,2024-12-31,1360000000.0,999000000.0,-1649000000.0
TRP.TO,TC Energy Corporation,Energy,2025-03-31,3623000000.0,1006000000.0,-1564000000.0
TRP.TO,TC Energy Corporation,Energy,2025-06-30,3744000000.0,861000000.0,-1115000000.0
TRP.TO,TC Energy Corporation,Energy,2025-09-30,3704000000.0,637000000.0,-1257000000.0
TRP.TO,TC Energy Corporation,Energy,2025-12-31,4168000000.0,1015000000.0,-1350000000.0
WCN.TO,"Waste Connections, Inc.",Industrials,2024-12-31,2260283000.0,-196004000.0,-396686000.0
WCN.TO,"Waste Connections, Inc.",Industrials,2025-03-31,2228176000.0,241510000.0,-212455000.0
WCN.TO,"Waste Connections, Inc.",Industrials,2025-06-30,2407055000.0,290276000.0,-285310000.0
WCN.TO,"Waste Connections, Inc.",Industrials,2025-09-30,2458378000.0,286271000.0,-297172000.0
WCN.TO,"Waste Connections, Inc.",Industrials,2025-12-31,2373306000.0,258500000.0,-399429000.0
WSP.TO,WSP Global Inc.,Industrials,2024-09-30,3983900000.0,203600000.0,-33900000.0
WSP.TO,WSP Global Inc.,Industrials,2024-12-31,4664900000.0,166900000.0,-64500000.0
WSP.TO,WSP Global Inc.,Industrials,2025-03-31,4388900000.0,144100000.0,-27700000.0
WSP.TO,WSP Global Inc.,Industrials,2025-06-30,4508300000.0,279400000.0,-34400000.0
WSP.TO,WSP Global Inc.,Industrials,2025-12-31,4854100000.0,256300000.0,-60400000.0
